,PFA-1-1,PFA-2-1,PFA-3-1,PFA-4-1,PFV-1-1,PFV-2-1,PFV-3-1,PFV-4-1,PID-1-1,PID-2-1,PID-3-1,PFA-1-2,PFA-2-2,PFA-3-2,PFA-4-2,PFV-1-2,PFV-2-2,PFV-3-2,PFV-4-2,PID-1-2,PID-2-2,PID-3-2
Units,g,g,g,g,inps,inps,inps,inps,rad,rad,rad,g,g,g,g,inps,inps,inps,inps,rad,rad,rad
0,0.1988410973084886,0.0870152691511387,0.6584601449275362,0.1768843167701863,56.8635,37.8681,19.5551,14.2649,0.2000258974358974,0.1434057692307692,0.0747083333333333,0.1988410973084886,0.0870152691511387,0.6584601449275362,0.1768843167701863,56.8635,37.8681,19.5551,14.2649,0.2000258974358974,0.1434057692307692,0.0747083333333333
1,1.019337474120083,1.1647489648033127,0.1410923913043478,0.621322463768116,95.6817,24.1276,35.8307,86.0766,0.2000480769230769,0.0026147435897435,0.0160692307692307,1.019337474120083,1.1647489648033127,0.1410923913043478,0.621322463768116,95.6817,24.1276,35.8307,86.0766,0.2000480769230769,0.0026147435897435,0.0160692307692307
3,6.447955486542443,2.593245341614907,1.822217908902692,1.2129710144927537,85.6955,82.3766,83.023,91.2001,0.1209980769230769,0.0433878205128205,0.0443826923076923,6.447955486542443,2.593245341614907,1.822217908902692,1.2129710144927537,85.6955,82.3766,83.023,91.2001,0.1209980769230769,0.0433878205128205,0.0443826923076923
4,2.1798990683229813,0.8686516563146999,0.1935828157349896,0.6890683229813664,107.785,33.1092,22.0954,2.0165,0.2000629807692307,0.0459499999999999,0.0302641025641025,2.1798990683229813,0.8686516563146999,0.1935828157349896,0.6890683229813664,107.785,33.1092,22.0954,2.0165,0.2000629807692307,0.0459499999999999,0.0302641025641025
5,0.3989182194616977,0.4353856107660456,0.0586501035196687,0.0872818322981366,76.0216,37.1323,30.0303,12.4862,0.1999560256410256,0.0412782051282051,0.0319653846153846,0.3989182194616977,0.4353856107660456,0.0586501035196687,0.0872818322981366,76.0216,37.1323,30.0303,12.4862,0.1999560256410256,0.0412782051282051,0.0319653846153846
6,2.5904503105590067,0.8363198757763975,0.2631909937888199,0.4777458592132505,81.9817,77.7784,84.5447,109.34,0.2000615384615384,0.0297198717948717,0.0128307692307692,2.5904503105590067,0.8363198757763975,0.2631909937888199,0.4777458592132505,81.9817,77.7784,84.5447,109.34,0.2000615384615384,0.0297198717948717,0.0128307692307692
7,1.1749844720496896,0.4419487577639752,0.3724818840579711,0.3041692546583851,76.7803,98.0386,100.947,128.6,0.1999589743589743,0.0239641025641026,0.0071884615384615,1.1749844720496896,0.4419487577639752,0.3724818840579711,0.3041692546583851,76.7803,98.0386,100.947,128.6,0.1999589743589743,0.0239641025641026,0.0071884615384615
8,6.302691511387164,2.0836516563147,1.1391589026915114,1.022717391304348,167.144,168.86700000000002,170.77599999999998,172.037,0.0849429487179487,0.0554846153846153,0.0452544871794871,6.302691511387164,2.0836516563147,1.1391589026915114,1.022717391304348,167.144,168.86700000000002,170.77599999999998,172.037,0.0849429487179487,0.0554846153846153,0.0452544871794871
10,0.3193090062111801,0.0888423913043478,0.1013276397515528,0.1425587474120082,80.3103,79.3419,79.4982,80.5145,0.0024935897435897,0.0037371794871794,0.0034961538461538,0.3193090062111801,0.0888423913043478,0.1013276397515528,0.1425587474120082,80.3103,79.3419,79.4982,80.5145,0.0024935897435897,0.0037371794871794,0.0034961538461538
11,5.994254658385093,2.422872670807453,1.4973266045548654,1.267707039337474,79.8554,81.9032,82.8232,83.3532,0.0925591025641025,0.0689185897435897,0.0585692307692307,5.994254658385093,2.422872670807453,1.4973266045548654,1.267707039337474,79.8554,81.9032,82.8232,83.3532,0.0925591025641025,0.0689185897435897,0.0585692307692307
12,0.9822593167701864,0.1953092650103519,0.1666143892339544,0.0386304347826087,12.1186,36.8556,60.5852,60.0909,0.2000108974358974,0.1243467948717948,0.1082057692307692,0.9822593167701864,0.1953092650103519,0.1666143892339544,0.0386304347826087,12.1186,36.8556,60.5852,60.0909,0.2000108974358974,0.1243467948717948,0.1082057692307692
13,0.7591200828157351,0.0467512939958592,0.3640786749482402,0.06903933747412,41.3095,8.181339999999999,40.9693,66.0615,0.2000365384615385,0.1090564102564102,0.0581384615384615,0.7591200828157351,0.0467512939958592,0.3640786749482402,0.06903933747412,41.3095,8.181339999999999,40.9693,66.0615,0.2000365384615385,0.1090564102564102,0.0581384615384615
14,1.7454296066252588,0.4603260869565218,0.4989544513457557,0.835018115942029,111.696,90.3503,103.056,138.38299999999998,0.1999711538461538,0.0140493589743589,0.0149089743589743,1.7454296066252588,0.4603260869565218,0.4989544513457557,0.835018115942029,111.696,90.3503,103.056,138.38299999999998,0.1999711538461538,0.0140493589743589,0.0149089743589743
15,1.472437888198758,0.1660496894409938,0.060473602484472,0.2420535714285714,8.51464,22.9002,50.2592,63.1397,0.2000147435897436,0.0839391025641025,0.0485833333333332,1.472437888198758,0.1660496894409938,0.060473602484472,0.2420535714285714,8.51464,22.9002,50.2592,63.1397,0.2000147435897436,0.0839391025641025,0.0485833333333332
20,0.7506521739130436,0.1418514492753623,0.3778752587991718,0.0446710662525879,77.7211,40.6562,20.0247,9.78312,0.1999442307692307,0.1501929487179487,0.048101282051282,0.7506521739130436,0.1418514492753623,0.3778752587991718,0.0446710662525879,77.7211,40.6562,20.0247,9.78312,0.1999442307692307,0.1501929487179487,0.048101282051282
21,4.475465838509317,1.9212888198757767,1.3180124223602483,1.3327820910973085,73.6123,72.2454,79.9655,83.4335,0.0396628205128205,0.0359128205128204,0.0373653846153846,4.475465838509317,1.9212888198757767,1.3180124223602483,1.3327820910973085,73.6123,72.2454,79.9655,83.4335,0.0396628205128205,0.0359128205128204,0.0373653846153846
22,0.8511853002070394,0.6934497929606626,0.1264112318840579,0.5703234989648033,257.57,101.169,93.1828,71.291,0.2001946153846153,0.0302423076923076,0.0145673076923076,0.8511853002070394,0.6934497929606626,0.1264112318840579,0.5703234989648033,257.57,101.169,93.1828,71.291,0.2001946153846153,0.0302423076923076,0.0145673076923076
23,6.901216356107661,2.349943064182195,1.1798524844720495,1.2495005175983436,143.726,124.567,121.703,161.347,0.224016282051282,0.138496282051282,0.1260852564102564,6.901216356107661,2.349943064182195,1.1798524844720495,1.2495005175983436,143.726,124.567,121.703,161.347,0.224016282051282,0.138496282051282,0.1260852564102564
24,11.46850414078675,3.971428571428572,2.0911671842650104,1.7800724637681162,181.871,157.836,139.828,139.334,0.227441923076923,0.1903383333333333,0.1519307692307692,11.46850414078675,3.971428571428572,2.0911671842650104,1.7800724637681162,181.871,157.836,139.828,139.334,0.227441923076923,0.1903383333333333,0.1519307692307692
25,0.8823602484472051,0.4180978260869565,0.5914026915113872,0.0140805641821946,66.8487,38.7004,12.1242,18.9083,0.2000400641025641,0.1053102564102563,0.0122576923076923,0.8823602484472051,0.4180978260869565,0.5914026915113872,0.0140805641821946,66.8487,38.7004,12.1242,18.9083,0.2000400641025641,0.1053102564102563,0.0122576923076923
26,0.2291827122153209,0.3343814699792961,0.0787119565217391,0.1408242753623188,74.0645,57.1717,36.8299,21.857,0.1999860256410256,0.1137942307692307,0.0921666666666666,0.2291827122153209,0.3343814699792961,0.0787119565217391,0.1408242753623188,74.0645,57.1717,36.8299,21.857,0.1999860256410256,0.1137942307692307,0.0921666666666666
28,4.757660455486542,1.7554710144927537,1.3542158385093168,1.2161154244306418,122.295,123.536,125.822,127.463,0.0655410256410256,0.0443160256410256,0.0428333333333333,4.757660455486542,1.7554710144927537,1.3542158385093168,1.2161154244306418,122.295,123.536,125.822,127.463,0.0655410256410256,0.0443160256410256,0.0428333333333333
31,0.3020160455486542,0.209236801242236,0.2013527432712215,0.1661413043478261,25.1752,8.75528,11.9917,16.2102,0.2000294871794872,0.0468807692307692,0.0294358974358974,0.3020160455486542,0.209236801242236,0.2013527432712215,0.1661413043478261,25.1752,8.75528,11.9917,16.2102,0.2000294871794872,0.0468807692307692,0.0294358974358974
32,4.271635610766046,0.6603933747412009,0.4958048654244307,0.0526498447204969,121.613,3.03123,16.8873,54.7105,0.2001132756410256,0.0017653846153846,0.0177185897435897,4.271635610766046,0.6603933747412009,0.4958048654244307,0.0526498447204969,121.613,3.03123,16.8873,54.7105,0.2001132756410256,0.0017653846153846,0.0177185897435897
33,3.356987577639752,1.5071118012422362,1.03375,1.1563017598343686,84.9023,86.0595,87.4839,89.3842,0.0431743589743589,0.049576923076923,0.0375333333333333,3.356987577639752,1.5071118012422362,1.03375,1.1563017598343686,84.9023,86.0595,87.4839,89.3842,0.0431743589743589,0.049576923076923,0.0375333333333333
34,4.52062629399586,0.6266692546583852,0.7266692546583852,0.1075667701863354,19.4866,78.7499,87.2263,88.5213,0.2000282051282051,0.0768410256410256,0.0518653846153845,4.52062629399586,0.6266692546583852,0.7266692546583852,0.1075667701863354,19.4866,78.7499,87.2263,88.5213,0.2000282051282051,0.0768410256410256,0.0518653846153845
35,3.591174948240166,0.9445522774327124,0.7049120082815735,0.7520134575569358,102.693,95.7788,97.7232,99.0017,0.0560474358974359,0.0393846153846154,0.0375108974358974,3.591174948240166,0.9445522774327124,0.7049120082815735,0.7520134575569358,102.693,95.7788,97.7232,99.0017,0.0560474358974359,0.0393846153846154,0.0375108974358974
36,5.974689440993789,2.571074016563147,1.3485947204968944,1.0950983436853,150.537,146.446,140.92600000000002,136.591,0.0835769871794871,0.0620801282051282,0.0530243589743589,5.974689440993789,2.571074016563147,1.3485947204968944,1.0950983436853,150.537,146.446,140.92600000000002,136.591,0.0835769871794871,0.0620801282051282,0.0530243589743589
37,7.5121376811594205,3.060455486542443,1.7040864389233954,1.3021946169772258,99.8607,94.6273,91.0004,96.786,0.0791788461538461,0.0641826923076923,0.0520128205128204,7.5121376811594205,3.060455486542443,1.7040864389233954,1.3021946169772258,99.8607,94.6273,91.0004,96.786,0.0791788461538461,0.0641826923076923,0.0520128205128204
41,1.110830745341615,0.1038783643892339,0.5934756728778469,0.5327691511387164,69.2012,13.9899,43.4637,42.9921,0.2000570512820513,0.0936865384615385,0.0049532051282051,1.110830745341615,0.1038783643892339,0.5934756728778469,0.5327691511387164,69.2012,13.9899,43.4637,42.9921,0.2000570512820513,0.0936865384615385,0.0049532051282051
42,6.047463768115942,2.2528260869565218,1.2855848861283643,1.3285869565217392,88.0578,90.0537,83.6354,86.8283,0.1312153846153846,0.0754807692307692,0.0687852564102564,6.047463768115942,2.2528260869565218,1.2855848861283643,1.3285869565217392,88.0578,90.0537,83.6354,86.8283,0.1312153846153846,0.0754807692307692,0.0687852564102564
45,0.7161231884057971,0.5332375776397515,0.1683315217391304,0.133347049689441,40.0475,31.9613,48.4801,92.8793,0.2000358333333333,0.0047737179487179,0.0074576923076923,0.7161231884057971,0.5332375776397515,0.1683315217391304,0.133347049689441,40.0475,31.9613,48.4801,92.8793,0.2000358333333333,0.0047737179487179,0.0074576923076923
47,4.365942028985508,1.779518633540373,1.3236620082815735,1.2295419254658386,95.7884,98.3796,92.5613,90.4937,0.0400025641025641,0.0375564102564102,0.0400839743589743,4.365942028985508,1.779518633540373,1.3236620082815735,1.2295419254658386,95.7884,98.3796,92.5613,90.4937,0.0400025641025641,0.0375564102564102,0.0400839743589743
48,0.5001630434782609,0.3675465838509317,0.3764001035196687,0.0310675465838509,39.0089,33.1624,52.8376,55.8484,0.2000096153846153,0.1258153846153846,0.074126923076923,0.5001630434782609,0.3675465838509317,0.3764001035196687,0.0310675465838509,39.0089,33.1624,52.8376,55.8484,0.2000096153846153,0.1258153846153846,0.074126923076923
49,2.842624223602485,0.0257541666666666,0.2763819875776397,0.3291304347826087,127.069,58.8631,70.6124,90.4334,0.2000596153846154,0.003601282051282,0.0154429487179486,2.842624223602485,0.0257541666666666,0.2763819875776397,0.3291304347826087,127.069,58.8631,70.6124,90.4334,0.2000596153846154,0.003601282051282,0.0154429487179486
50,4.485817805383022,1.8140087991718428,1.2622903726708077,1.3979037267080745,75.2601,75.3585,82.7178,85.8455,0.0484301282051282,0.0554403846153846,0.0523185897435897,4.485817805383022,1.8140087991718428,1.2622903726708077,1.3979037267080745,75.2601,75.3585,82.7178,85.8455,0.0484301282051282,0.0554403846153846,0.0523185897435897
51,3.86972049689441,1.495315734989648,1.1517520703933748,1.223592132505176,81.5863,81.3796,80.4811,75.4054,0.0281544871794871,0.0274435897435897,0.0304724358974359,3.86972049689441,1.495315734989648,1.1517520703933748,1.223592132505176,81.5863,81.3796,80.4811,75.4054,0.0281544871794871,0.0274435897435897,0.0304724358974359
52,5.049042443064183,1.6213302277432713,1.0390398550724638,1.1936206004140786,89.7848,87.8635,81.7242,77.569,0.0431416666666666,0.0296788461538461,0.0338115384615384,5.049042443064183,1.6213302277432713,1.0390398550724638,1.1936206004140786,89.7848,87.8635,81.7242,77.569,0.0431416666666666,0.0296788461538461,0.0338115384615384
53,1.9035584886128365,0.3271402691511387,0.4002743271221532,0.3641485507246377,48.2795,12.7271,32.6623,48.7763,0.1969135897435897,0.1028891025641025,0.0446858974358974,1.9035584886128365,0.3271402691511387,0.4002743271221532,0.3641485507246377,48.2795,12.7271,32.6623,48.7763,0.1969135897435897,0.1028891025641025,0.0446858974358974
54,0.9718400621118012,0.320370082815735,0.2697644927536232,0.2441120600414078,116.962,119.707,118.1,113.95,0.0044698717948717,0.0048596153846153,0.0051535256410256,0.9718400621118012,0.320370082815735,0.2697644927536232,0.2441120600414078,116.962,119.707,118.1,113.95,0.0044698717948717,0.0048596153846153,0.0051535256410256
55,0.5842857142857143,0.2129609213250517,0.6335222567287785,0.1929997412008282,118.418,25.3786,10.6667,14.4687,0.1998741025641025,0.0374371794871795,0.0220173076923076,0.5842857142857143,0.2129609213250517,0.6335222567287785,0.1929997412008282,118.418,25.3786,10.6667,14.4687,0.1998741025641025,0.0374371794871795,0.0220173076923076
56,0.4358954451345756,0.0989655797101449,0.1407738095238095,0.2209992236024844,87.25,86.7881,85.5866,85.5927,0.0030205128205128,0.0045583333333333,0.004851923076923,0.4358954451345756,0.0989655797101449,0.1407738095238095,0.2209992236024844,87.25,86.7881,85.5866,85.5927,0.0030205128205128,0.0045583333333333,0.004851923076923
57,0.4337137681159421,0.0980861801242236,0.093023033126294,0.1726224120082816,83.8134,85.6431,88.5633,91.1562,0.0024583333333333,0.0039410256410256,0.0042923076923076,0.4337137681159421,0.0980861801242236,0.093023033126294,0.1726224120082816,83.8134,85.6431,88.5633,91.1562,0.0024583333333333,0.0039410256410256,0.0042923076923076
59,2.3308436853002075,0.0020103752587991,0.1526581262939958,0.2558260869565217,47.869,13.3924,14.3331,10.3903,0.2000314102564102,0.0296403846153846,0.0031442307692307,2.3308436853002075,0.0020103752587991,0.1526581262939958,0.2558260869565217,47.869,13.3924,14.3331,10.3903,0.2000314102564102,0.0296403846153846,0.0031442307692307
60,7.93136645962733,2.8453416149068325,1.6490450310559008,1.7011930641821948,114.744,103.72,92.6559,85.6819,0.1838964102564102,0.0991168397435897,0.0759423076923077,7.93136645962733,2.8453416149068325,1.6490450310559008,1.7011930641821948,114.744,103.72,92.6559,85.6819,0.1838964102564102,0.0991168397435897,0.0759423076923077
67,0.4007841614906832,0.0878944099378882,0.1191394927536231,0.1569440993788819,86.0024,86.1629,86.57700000000001,87.0975,0.0025346153846153,0.0033596153846153,0.0031435897435897,0.4007841614906832,0.0878944099378882,0.1191394927536231,0.1569440993788819,86.0024,86.1629,86.57700000000001,87.0975,0.0025346153846153,0.0033596153846153,0.0031435897435897
68,4.619694616977226,2.084992236024845,1.3695496894409938,1.2457246376811597,64.1922,66.6207,63.2568,69.6175,0.0351134615384615,0.0298942307692307,0.0400814102564102,4.619694616977226,2.084992236024845,1.3695496894409938,1.2457246376811597,64.1922,66.6207,63.2568,69.6175,0.0351134615384615,0.0298942307692307,0.0400814102564102
69,0.7275828157349896,1.033762939958592,0.3668478260869565,0.5264466873706005,22.0164,37.2418,47.3952,51.5564,0.2000782564102564,0.0207826923076923,0.0132871794871794,0.7275828157349896,1.033762939958592,0.3668478260869565,0.5264466873706005,22.0164,37.2418,47.3952,51.5564,0.2000782564102564,0.0207826923076923,0.0132871794871794
71,3.632919254658385,1.3346687370600414,1.1829684265010352,1.192857142857143,56.5249,58.9608,60.4216,66.315,0.0309275641025641,0.0275339743589743,0.0262429487179487,3.632919254658385,1.3346687370600414,1.1829684265010352,1.192857142857143,56.5249,58.9608,60.4216,66.315,0.0309275641025641,0.0275339743589743,0.0262429487179487
72,3.6172877846790894,1.238561076604555,0.8572049689440994,0.8746739130434783,67.8937,69.5766,77.2495,76.6377,0.027326923076923,0.0253032051282051,0.0285442307692307,3.6172877846790894,1.238561076604555,0.8572049689440994,0.8746739130434783,67.8937,69.5766,77.2495,76.6377,0.027326923076923,0.0253032051282051,0.0285442307692307
73,0.9879270186335404,0.4022334368530021,0.3370134575569358,0.4112965838509317,65.2616,66.7936,64.975,58.8679,0.0060275641025641,0.0074679487179487,0.0090064102564102,0.9879270186335404,0.4022334368530021,0.3370134575569358,0.4112965838509317,65.2616,66.7936,64.975,58.8679,0.0060275641025641,0.0074679487179487,0.0090064102564102
74,3.412396480331263,0.1024684265010352,0.4102795031055901,0.0375416666666666,72.4461,16.7078,32.504,58.8055,0.1999397435897436,0.0398083333333333,0.0234115384615384,3.412396480331263,0.1024684265010352,0.4102795031055901,0.0375416666666666,72.4461,16.7078,32.504,58.8055,0.1999397435897436,0.0398083333333333,0.0234115384615384
75,0.860023291925466,0.1144764492753623,0.4813612836438923,0.0126524585921325,81.5228,6.737439999999999,22.2047,48.5415,0.2001357692307692,0.0408448717948718,0.0231826923076922,0.860023291925466,0.1144764492753623,0.4813612836438923,0.0126524585921325,81.5228,6.737439999999999,22.2047,48.5415,0.2001357692307692,0.0408448717948718,0.0231826923076922
76,3.472748447204969,1.5442313664596274,1.1371997929606623,1.1105486542443064,124.852,126.449,128.128,128.928,0.0507294871794871,0.0363621794871794,0.0380615384615384,3.472748447204969,1.5442313664596274,1.1371997929606623,1.1105486542443064,124.852,126.449,128.128,128.928,0.0507294871794871,0.0363621794871794,0.0380615384615384
78,0.3396816770186335,0.0771601966873706,0.0868234989648033,0.1267748447204968,60.4658,59.6002,59.7394,60.4922,0.0021916666666666,0.0030038461538461,0.0029839743589743,0.3396816770186335,0.0771601966873706,0.0868234989648033,0.1267748447204968,60.4658,59.6002,59.7394,60.4922,0.0021916666666666,0.0030038461538461,0.0029839743589743
79,2.5096273291925466,1.288695652173913,0.8754994824016564,0.9271299171842652,69.9752,61.4966,62.3059,72.1913,0.0310448717948717,0.0273147435897435,0.0288705128205128,2.5096273291925466,1.288695652173913,0.8754994824016564,0.9271299171842652,69.9752,61.4966,62.3059,72.1913,0.0310448717948717,0.0273147435897435,0.0288705128205128
80,0.2688742236024845,0.1642272256728778,0.110728519668737,0.1728335921325051,32.8495,12.6981,1.51408,9.58807,0.1999891025641025,0.1568314102564103,0.1389807692307692,0.2688742236024845,0.1642272256728778,0.110728519668737,0.1728335921325051,32.8495,12.6981,1.51408,9.58807,0.1999891025641025,0.1568314102564103,0.1389807692307692
81,0.2065646997929606,0.2647256728778468,0.0924109730848861,0.1663413561076604,37.5498,13.7864,0.971165,6.961689999999999,0.2000083333333333,0.1623653846153846,0.0946128205128204,0.2065646997929606,0.2647256728778468,0.0924109730848861,0.1663413561076604,37.5498,13.7864,0.971165,6.961689999999999,0.2000083333333333,0.1623653846153846,0.0946128205128204
82,1.0743555900621118,0.4070703933747412,0.4621713250517598,0.4061930641821946,68.329,28.0781,52.4765,98.2938,0.1999419230769231,0.0292371794871794,0.0139173076923077,1.0743555900621118,0.4070703933747412,0.4621713250517598,0.4061930641821946,68.329,28.0781,52.4765,98.2938,0.1999419230769231,0.0292371794871794,0.0139173076923077
83,5.516226708074534,1.6771066252587992,1.2812344720496895,1.2949792960662527,89.2043,88.2931,84.1931,83.9897,0.1229089743589743,0.0757532051282051,0.0668391025641025,5.516226708074534,1.6771066252587992,1.2812344720496895,1.2949792960662527,89.2043,88.2931,84.1931,83.9897,0.1229089743589743,0.0757532051282051,0.0668391025641025
85,3.2436076604554867,1.025799689440994,0.1115778985507246,0.0431977225672877,10.7454,53.9909,72.4724,73.0656,0.199900641025641,0.1253108974358974,0.0835301282051281,3.2436076604554867,1.025799689440994,0.1115778985507246,0.0431977225672877,10.7454,53.9909,72.4724,73.0656,0.199900641025641,0.1253108974358974,0.0835301282051281
87,0.3659704968944099,0.7390786749482402,0.2174950828157349,0.0279857660455486,34.8069,65.518,85.7579,94.6734,0.1999730769230769,0.0606352564102564,0.0267884615384615,0.3659704968944099,0.7390786749482402,0.2174950828157349,0.0279857660455486,34.8069,65.518,85.7579,94.6734,0.1999730769230769,0.0606352564102564,0.0267884615384615
88,3.5790113871635616,1.2239466873706006,0.7590502070393376,0.9090631469979296,99.4839,99.6139,99.6403,98.3957,0.0311692307692307,0.0312980769230769,0.0332698717948717,3.5790113871635616,1.2239466873706006,0.7590502070393376,0.9090631469979296,99.4839,99.6139,99.6403,98.3957,0.0311692307692307,0.0312980769230769,0.0332698717948717
89,0.3253286749482402,0.0824710144927536,0.1274187370600414,0.1509202898550724,47.7563,48.8653,50.2771,51.3942,0.0026485897435897,0.0041166025641025,0.0036441666666666,0.3253286749482402,0.0824710144927536,0.1274187370600414,0.1509202898550724,47.7563,48.8653,50.2771,51.3942,0.0026485897435897,0.0041166025641025,0.0036441666666666
90,8.026423395445134,2.1614337474120084,1.7941407867494827,1.3401475155279503,159.786,115.63,102.156,131.906,0.0954091025641025,0.0603867948717948,0.0523179487179487,8.026423395445134,2.1614337474120084,1.7941407867494827,1.3401475155279503,159.786,115.63,102.156,131.906,0.0954091025641025,0.0603867948717948,0.0523179487179487
91,0.9311309523809524,0.5682996894409937,0.327851966873706,0.4746221532091098,85.1849,30.6859,40.3225,77.5634,0.2001827564102564,0.0026814102564102,0.0076980769230769,0.9311309523809524,0.5682996894409937,0.327851966873706,0.4746221532091098,85.1849,30.6859,40.3225,77.5634,0.2001827564102564,0.0026814102564102,0.0076980769230769
92,4.047929606625258,2.062326604554866,1.2396920289855071,1.1087888198757765,104.503,107.689,112.469,116.315,0.0898089743589743,0.0670371794871794,0.0549346153846153,4.047929606625258,2.062326604554866,1.2396920289855071,1.1087888198757765,104.503,107.689,112.469,116.315,0.0898089743589743,0.0670371794871794,0.0549346153846153
93,5.107479296066253,2.1620652173913046,1.0473524844720496,0.8948188405797103,97.1516,97.9263,107.596,99.1046,0.0783814102564102,0.064351923076923,0.0504673076923077,5.107479296066253,2.1620652173913046,1.0473524844720496,0.8948188405797103,97.1516,97.9263,107.596,99.1046,0.0783814102564102,0.064351923076923,0.0504673076923077
94,0.4266485507246377,0.0949816252587991,0.3881159420289855,0.3027872670807454,27.0802,7.95718,6.88405,31.6469,0.2000076923076923,0.1191384615384615,0.0672564102564102,0.4266485507246377,0.0949816252587991,0.3881159420289855,0.3027872670807454,27.0802,7.95718,6.88405,31.6469,0.2000076923076923,0.1191384615384615,0.0672564102564102
96,1.6874715320910971,0.8041071428571429,0.7944021739130435,0.6662137681159421,91.9603,93.0668,94.7867,95.867,0.0111589743589743,0.0124647435897435,0.0155160256410256,1.6874715320910971,0.8041071428571429,0.7944021739130435,0.6662137681159421,91.9603,93.0668,94.7867,95.867,0.0111589743589743,0.0124647435897435,0.0155160256410256
99,3.73574016563147,1.5560688405797105,1.1092443064182194,0.9971066252587992,193.876,194.095,192.388,190.928,0.0757685897435897,0.0556314102564102,0.028350641025641,3.73574016563147,1.5560688405797105,1.1092443064182194,0.9971066252587992,193.876,194.095,192.388,190.928,0.0757685897435897,0.0556314102564102,0.028350641025641
100,4.807996894409938,1.6284213250517598,1.1150129399585922,1.466977225672878,93.662,94.1519,102.971,117.388,0.0374557692307692,0.0210948717948718,0.0265679487179487,4.807996894409938,1.6284213250517598,1.1150129399585922,1.466977225672878,93.662,94.1519,102.971,117.388,0.0374557692307692,0.0210948717948718,0.0265679487179487
101,3.335222567287785,1.10319099378882,1.009811076604555,0.8106573498964804,63.8653,64.8524,67.1479,69.2308,0.0326493589743589,0.0298865384615384,0.0179794871794871,3.335222567287785,1.10319099378882,1.009811076604555,0.8106573498964804,63.8653,64.8524,67.1479,69.2308,0.0326493589743589,0.0298865384615384,0.0179794871794871
102,1.506702898550725,0.5414311594202899,0.6777846790890268,0.2711930641821946,17.8652,8.85577,41.2062,63.4872,0.1999993589743589,0.1244461538461538,0.0897461538461538,1.506702898550725,0.5414311594202899,0.6777846790890268,0.2711930641821946,17.8652,8.85577,41.2062,63.4872,0.1999993589743589,0.1244461538461538,0.0897461538461538
103,0.3968607660455487,0.1225041407867494,0.135282867494824,0.1957057453416149,63.8781,63.9342,63.8256,65.093,0.0021942307692307,0.0029160256410256,0.0027444551282051,0.3968607660455487,0.1225041407867494,0.135282867494824,0.1957057453416149,63.8781,63.9342,63.8256,65.093,0.0021942307692307,0.0029160256410256,0.0027444551282051
104,4.191821946169773,1.5556237060041411,1.2873757763975155,1.335217391304348,115.638,113.155,110.258,94.114,0.0237589743589743,0.0212320512820512,0.0263211538461538,4.191821946169773,1.5556237060041411,1.2873757763975155,1.335217391304348,115.638,113.155,110.258,94.114,0.0237589743589743,0.0212320512820512,0.0263211538461538
105,4.745367494824016,2.0178183229813667,1.0816123188405795,1.1954399585921327,78.3054,80.2854,77.5314,81.8682,0.1098916666666666,0.0455192307692307,0.0356532051282051,4.745367494824016,2.0178183229813667,1.0816123188405795,1.1954399585921327,78.3054,80.2854,77.5314,81.8682,0.1098916666666666,0.0455192307692307,0.0356532051282051
109,2.925258799171843,1.165587474120083,1.139495341614907,0.8216071428571429,54.4909,53.9029,52.61600000000001,52.8635,0.0194179487179487,0.0192474358974359,0.025425641025641,2.925258799171843,1.165587474120083,1.139495341614907,0.8216071428571429,54.4909,53.9029,52.61600000000001,52.8635,0.0194179487179487,0.0192474358974359,0.025425641025641
110,4.307867494824016,1.6874171842650103,1.1900983436853003,1.0849534161490684,57.1025,57.1603,56.6044,60.3025,0.0455057692307692,0.0404807692307692,0.0361942307692307,4.307867494824016,1.6874171842650103,1.1900983436853003,1.0849534161490684,57.1025,57.1603,56.6044,60.3025,0.0455057692307692,0.0404807692307692,0.0361942307692307
112,0.1705918737060041,0.0545354554865424,0.1355225155279503,0.0340093167701863,1.57625,23.4087,42.5849,74.6013,0.1999692307692307,0.1531211538461538,0.0908544871794871,0.1705918737060041,0.0545354554865424,0.1355225155279503,0.0340093167701863,1.57625,23.4087,42.5849,74.6013,0.1999692307692307,0.1531211538461538,0.0908544871794871
113,1.243408385093168,0.1378061594202898,0.3088328157349896,0.3181444099378882,36.8601,7.15244,51.9958,51.5965,0.2000192948717948,0.1241391025641025,0.0167288461538461,1.243408385093168,0.1378061594202898,0.3088328157349896,0.3181444099378882,36.8601,7.15244,51.9958,51.5965,0.2000192948717948,0.1241391025641025,0.0167288461538461
115,0.3347153209109731,0.1071651138716356,0.1106306935817805,0.1923592132505176,66.4536,65.955,66.5745,67.6301,0.0031365384615384,0.0050134615384615,0.0048641025641025,0.3347153209109731,0.1071651138716356,0.1106306935817805,0.1923592132505176,66.4536,65.955,66.5745,67.6301,0.0031365384615384,0.0050134615384615,0.0048641025641025
116,2.8564699792960666,1.3645056935817803,1.219363354037267,0.9843400621118013,84.2499,77.6248,77.1366,83.3746,0.0222448717948718,0.0230147435897435,0.0295538461538461,2.8564699792960666,1.3645056935817803,1.219363354037267,0.9843400621118013,84.2499,77.6248,77.1366,83.3746,0.0222448717948718,0.0230147435897435,0.0295538461538461
117,2.4017417184265013,0.9746273291925468,1.1044099378881989,0.8423680124223603,90.0946,90.1356,89.9891,89.6563,0.0192237179487179,0.0211339743589743,0.0200871794871794,2.4017417184265013,0.9746273291925468,1.1044099378881989,0.8423680124223603,90.0946,90.1356,89.9891,89.6563,0.0192237179487179,0.0211339743589743,0.0200871794871794
118,3.4140527950310564,1.4654787784679089,1.1349715320910976,1.3903545548654246,61.181,62.1068,59.0132,67.243,0.0316538461538461,0.031302564102564,0.0343339743589743,3.4140527950310564,1.4654787784679089,1.1349715320910976,1.3903545548654246,61.181,62.1068,59.0132,67.243,0.0316538461538461,0.031302564102564,0.0343339743589743
119,2.766330227743272,1.2678959627329194,1.0310041407867496,0.9492934782608696,61.6891,55.1792,49.5095,53.4204,0.0270179487179487,0.0252538461538461,0.0299673076923077,2.766330227743272,1.2678959627329194,1.0310041407867496,0.9492934782608696,61.6891,55.1792,49.5095,53.4204,0.0270179487179487,0.0252538461538461,0.0299673076923077
120,1.9113897515527956,0.974101966873706,0.9007246376811596,0.8022360248447207,52.5084,51.092,50.302,54.06,0.0139121794871794,0.0135288461538461,0.0202801282051282,1.9113897515527956,0.974101966873706,0.9007246376811596,0.8022360248447207,52.5084,51.092,50.302,54.06,0.0139121794871794,0.0135288461538461,0.0202801282051282
121,0.3719384057971015,0.1323082298136646,0.4094772256728779,0.2194435817805383,23.5069,4.096830000000001,4.48261,13.5963,0.2000051282051282,0.1421307692307692,0.0609865384615384,0.3719384057971015,0.1323082298136646,0.4094772256728779,0.2194435817805383,23.5069,4.096830000000001,4.48261,13.5963,0.2000051282051282,0.1421307692307692,0.0609865384615384
122,0.3247463768115942,0.0818180641821946,0.0901022256728778,0.1303804347826087,86.2671,87.0454,87.4321,87.7223,0.0019679487179487,0.0032666666666666,0.0032967948717948,0.3247463768115942,0.0818180641821946,0.0901022256728778,0.1303804347826087,86.2671,87.0454,87.4321,87.7223,0.0019679487179487,0.0032666666666666,0.0032967948717948
123,5.894565217391304,1.9875000000000005,1.2971169772256728,1.2390476190476192,80.6584,81.9708,83.3286,84.0602,0.0548205128205128,0.0401423076923076,0.0408942307692307,5.894565217391304,1.9875000000000005,1.2971169772256728,1.2390476190476192,80.6584,81.9708,83.3286,84.0602,0.0548205128205128,0.0401423076923076,0.0408942307692307
124,0.4095445134575569,0.0765069875776397,0.1162792443064182,0.1760900621118012,65.3617,64.9208,63.9155,63.4143,0.002477564102564,0.0037929487179487,0.0041628205128205,0.4095445134575569,0.0765069875776397,0.1162792443064182,0.1760900621118012,65.3617,64.9208,63.9155,63.4143,0.002477564102564,0.0037929487179487,0.0041628205128205
125,0.3543167701863354,0.0814065734989648,0.0841695134575569,0.1514777432712215,62.6034,64.0364,66.4256,68.7788,0.0020384615384615,0.0034739102564102,0.0037611538461538,0.3543167701863354,0.0814065734989648,0.0841695134575569,0.1514777432712215,62.6034,64.0364,66.4256,68.7788,0.0020384615384615,0.0034739102564102,0.0037611538461538
126,2.8489648033126294,0.9481961697722568,0.8050879917184266,0.6728907867494824,93.05,99.3609,93.106,78.9819,0.0101493589743589,0.0124192307692307,0.0156589743589743,2.8489648033126294,0.9481961697722568,0.8050879917184266,0.6728907867494824,93.05,99.3609,93.106,78.9819,0.0101493589743589,0.0124192307692307,0.0156589743589743
127,0.2358092650103519,0.083978519668737,0.1193273809523809,0.1296198240165631,73.4422,75.9635,77.2417,76.631,0.0022544871794871,0.0029423076923076,0.0027461538461538,0.2358092650103519,0.083978519668737,0.1193273809523809,0.1296198240165631,73.4422,75.9635,77.2417,76.631,0.0022544871794871,0.0029423076923076,0.0027461538461538
128,6.170678053830228,1.3940424430641822,0.9563768115942032,0.9343090062111802,66.8103,62.7611,69.2641,87.62,0.0951288461538461,0.0456339743589743,0.0280801282051282,6.170678053830228,1.3940424430641822,0.9563768115942032,0.9343090062111802,66.8103,62.7611,69.2641,87.62,0.0951288461538461,0.0456339743589743,0.0280801282051282
135,0.3615502070393375,0.0741899585921325,0.0964547101449275,0.1265020703933747,63.8731,64.108,64.366,64.4373,0.0020411538461538,0.0028783974358974,0.0025767679487179,0.3615502070393375,0.0741899585921325,0.0964547101449275,0.1265020703933747,63.8731,64.108,64.366,64.4373,0.0020411538461538,0.0028783974358974,0.0025767679487179
136,0.6730538302277432,0.0805263975155279,0.1009376293995859,0.13339466873706,43.2418,42.1474,40.8927,41.5209,0.0023384615384615,0.0035249999999999,0.0036025641025641,0.6730538302277432,0.0805263975155279,0.1009376293995859,0.13339466873706,43.2418,42.1474,40.8927,41.5209,0.0023384615384615,0.0035249999999999,0.0036025641025641
137,2.419984472049689,0.9956030020703932,1.064743788819876,0.991620082815735,56.8949,56.2017,55.7828,55.3935,0.0212282051282051,0.020126282051282,0.0247871794871794,2.419984472049689,0.9956030020703932,1.064743788819876,0.991620082815735,56.8949,56.2017,55.7828,55.3935,0.0212282051282051,0.020126282051282,0.0247871794871794
138,0.2436485507246376,0.0673266045548654,0.0889179606625258,0.1062836438923395,47.6915,47.7497,47.5504,46.6981,0.0023455128205128,0.0030525641025641,0.0026499999999999,0.2436485507246376,0.0673266045548654,0.0889179606625258,0.1062836438923395,47.6915,47.7497,47.5504,46.6981,0.0023455128205128,0.0030525641025641,0.0026499999999999
139,1.1334860248447207,0.5862241200828158,0.6569694616977225,0.6010688405797101,37.0051,37.6045,38.7798,39.9428,0.0113884615384615,0.0129807692307692,0.0149967948717948,1.1334860248447207,0.5862241200828158,0.6569694616977225,0.6010688405797101,37.0051,37.6045,38.7798,39.9428,0.0113884615384615,0.0129807692307692,0.0149967948717948
140,0.2031803830227743,0.0667606107660455,0.0737631987577639,0.1119443581780538,44.8039,44.9228,45.3738,44.9979,0.0022961538461538,0.0031403846153846,0.0030076923076923,0.2031803830227743,0.0667606107660455,0.0737631987577639,0.1119443581780538,44.8039,44.9228,45.3738,44.9979,0.0022961538461538,0.0031403846153846,0.0030076923076923
141,0.2342888198757764,0.0707572463768115,0.0869549689440993,0.1318737060041408,39.7109,40.4103,40.182,38.5865,0.0022852564102564,0.0033615384615384,0.0032796794871794,0.2342888198757764,0.0707572463768115,0.0869549689440993,0.1318737060041408,39.7109,40.4103,40.182,38.5865,0.0022852564102564,0.0033615384615384,0.0032796794871794
142,4.663742236024845,1.5785403726708076,0.8764156314699794,0.8230124223602485,57.4608,58.0472,58.6345,58.4766,0.0578237179487179,0.0441602564102563,0.045125641025641,4.663742236024845,1.5785403726708076,0.8764156314699794,0.8230124223602485,57.4608,58.0472,58.6345,58.4766,0.0578237179487179,0.0441602564102563,0.045125641025641
143,3.416407867494824,1.5042003105590065,0.8240967908902691,0.9253260869565216,59.3131,59.6318,60.4905,61.7965,0.0426166666666666,0.0340871794871794,0.036050641025641,3.416407867494824,1.5042003105590065,0.8240967908902691,0.9253260869565216,59.3131,59.6318,60.4905,61.7965,0.0426166666666666,0.0340871794871794,0.036050641025641
144,2.3529140786749485,0.890649585921325,0.8332168737060042,0.816376811594203,82.3311,83.852,85.5182,86.0787,0.0200737179487179,0.0199333333333333,0.0174833333333333,2.3529140786749485,0.890649585921325,0.8332168737060042,0.816376811594203,82.3311,83.852,85.5182,86.0787,0.0200737179487179,0.0199333333333333,0.0174833333333333
145,0.659562629399586,0.115292701863354,0.1523923395445134,0.1942546583850931,80.7148,80.1543,81.2282,83.2342,0.0027025641025641,0.0031346153846153,0.0037967948717948,0.659562629399586,0.115292701863354,0.1523923395445134,0.1942546583850931,80.7148,80.1543,81.2282,83.2342,0.0027025641025641,0.0031346153846153,0.0037967948717948
146,0.2412028985507246,0.0648237577639751,0.0746231884057971,0.1105129399585921,40.4596,39.637,39.6393,40.2766,0.0018985256410256,0.0026622435897435,0.0026385256410256,0.2412028985507246,0.0648237577639751,0.0746231884057971,0.1105129399585921,40.4596,39.637,39.6393,40.2766,0.0018985256410256,0.0026622435897435,0.0026385256410256
147,0.282360248447205,0.0695929089026915,0.0910967908902691,0.1243651656314699,39.339,40.5366,41.2986,41.8173,0.0017064102564102,0.0027190384615384,0.0030872435897435,0.282360248447205,0.0695929089026915,0.0910967908902691,0.1243651656314699,39.339,40.5366,41.2986,41.8173,0.0017064102564102,0.0027190384615384,0.0030872435897435
148,4.858074534161491,1.9510222567287785,1.4712292960662527,1.213597308488613,59.4968,62.9497,70.2549,66.684,0.1429397435897436,0.0710198717948718,0.0521423076923076,4.858074534161491,1.9510222567287785,1.4712292960662527,1.213597308488613,59.4968,62.9497,70.2549,66.684,0.1429397435897436,0.0710198717948718,0.0521423076923076
149,3.178234989648033,1.587034161490683,0.92453933747412,0.9281702898550724,58.6608,54.4305,59.984,69.1177,0.0558185897435897,0.0402442307692307,0.0425557692307692,3.178234989648033,1.587034161490683,0.92453933747412,0.9281702898550724,58.6608,54.4305,59.984,69.1177,0.0558185897435897,0.0402442307692307,0.0425557692307692
150,2.6999482401656314,1.425261387163561,0.7519824016563147,0.8623498964803313,64.262,63.8789,63.9683,65.0315,0.0396724358974359,0.0314987179487179,0.0344532051282051,2.6999482401656314,1.425261387163561,0.7519824016563147,0.8623498964803313,64.262,63.8789,63.9683,65.0315,0.0396724358974359,0.0314987179487179,0.0344532051282051
151,3.2949275362318846,1.3170031055900622,1.1563354037267082,1.0447722567287785,75.6302,68.8032,57.5008,59.4216,0.0341839743589743,0.0305865384615384,0.0326576923076923,3.2949275362318846,1.3170031055900622,1.1563354037267082,1.0447722567287785,75.6302,68.8032,57.5008,59.4216,0.0341839743589743,0.0305865384615384,0.0326576923076923
153,4.628234989648033,1.8374197722567287,1.2089622153209112,1.1472412008281576,57.9416,62.2197,68.5249,68.9285,0.0904365384615384,0.0321967948717948,0.0282839743589744,4.628234989648033,1.8374197722567287,1.2089622153209112,1.1472412008281576,57.9416,62.2197,68.5249,68.9285,0.0904365384615384,0.0321967948717948,0.0282839743589744
155,5.348576604554866,1.6794073498964803,1.2581418219461695,1.148791407867495,68.697,69.1153,69.8377,75.6023,0.0934205128205128,0.0839999999999999,0.0535448717948718,5.348576604554866,1.6794073498964803,1.2581418219461695,1.148791407867495,68.697,69.1153,69.8377,75.6023,0.0934205128205128,0.0839999999999999,0.0535448717948718
156,0.4765502070393375,0.1153426501035196,0.1023333333333333,0.185180900621118,69.4498,68.8099,68.637,67.9545,0.0025833974358974,0.0045626923076923,0.0049368589743589,0.4765502070393375,0.1153426501035196,0.1023333333333333,0.185180900621118,69.4498,68.8099,68.637,67.9545,0.0025833974358974,0.0045626923076923,0.0049368589743589
157,0.2437686335403726,0.0675041407867494,0.0903146997929606,0.1188346273291925,31.991,32.9356,33.9703,34.5822,0.0022797435897435,0.0036170512820512,0.003173141025641,0.2437686335403726,0.0675041407867494,0.0903146997929606,0.1188346273291925,31.991,32.9356,33.9703,34.5822,0.0022797435897435,0.0036170512820512,0.003173141025641
158,4.242417184265011,1.4498395445134578,0.8312758799171843,0.9547929606625258,80.4652,81.9731,81.8606,81.4651,0.0294429487179487,0.027101923076923,0.0306448717948717,4.242417184265011,1.4498395445134578,0.8312758799171843,0.9547929606625258,80.4652,81.9731,81.8606,81.4651,0.0294429487179487,0.027101923076923,0.0306448717948717
159,3.666666666666667,1.3125465838509318,1.1969953416149068,0.8868918219461698,92.9678,92.1153,81.7554,82.2836,0.0471730769230769,0.033200641025641,0.0228692307692307,3.666666666666667,1.3125465838509318,1.1969953416149068,0.8868918219461698,92.9678,92.1153,81.7554,82.2836,0.0471730769230769,0.033200641025641,0.0228692307692307
160,4.164570393374742,1.4547774327122154,1.24523033126294,1.2827018633540372,88.6941,77.3144,88.2622,85.9578,0.0364288461538461,0.0290108974358974,0.0312615384615384,4.164570393374742,1.4547774327122154,1.24523033126294,1.2827018633540372,88.6941,77.3144,88.2622,85.9578,0.0364288461538461,0.0290108974358974,0.0312615384615384
161,2.512712215320911,0.9268452380952382,1.008053830227743,0.9818271221532092,61.0142,61.4043,62.5567,62.7587,0.0186794871794871,0.0189108974358974,0.0248358974358974,2.512712215320911,0.9268452380952382,1.008053830227743,0.9818271221532092,61.0142,61.4043,62.5567,62.7587,0.0186794871794871,0.0189108974358974,0.0248358974358974
162,0.5208281573498965,0.2269873188405797,0.1856133540372671,0.1524495341614907,44.9032,45.4842,47.1515,49.9193,0.003000641025641,0.0041083333333333,0.0034910256410256,0.5208281573498965,0.2269873188405797,0.1856133540372671,0.1524495341614907,44.9032,45.4842,47.1515,49.9193,0.003000641025641,0.0041083333333333,0.0034910256410256
164,0.4144073498964803,0.056473602484472,0.0664624741200828,0.0892443064182194,61.81100000000001,62.5924,63.806,64.2512,0.0016134615384615,0.0020121794871794,0.00185,0.4144073498964803,0.056473602484472,0.0664624741200828,0.0892443064182194,61.81100000000001,62.5924,63.806,64.2512,0.0016134615384615,0.0020121794871794,0.00185
166,1.2235144927536232,0.6638975155279503,0.6820885093167703,0.6591796066252589,41.4077,40.6114,46.8179,53.6825,0.0116532051282051,0.0144647435897436,0.0189339743589743,1.2235144927536232,0.6638975155279503,0.6820885093167703,0.6591796066252589,41.4077,40.6114,46.8179,53.6825,0.0116532051282051,0.0144647435897436,0.0189339743589743
167,2.5574249482401656,0.986601966873706,0.9926708074534164,1.0224430641821944,130.42700000000002,130.476,128.929,127.36,0.0218410256410256,0.0215602564102564,0.0259685897435897,2.5574249482401656,0.986601966873706,0.9926708074534164,1.0224430641821944,130.42700000000002,130.476,128.929,127.36,0.0218410256410256,0.0215602564102564,0.0259685897435897
168,0.3427406832298137,0.0946076604554865,0.0960773809523809,0.1261110248447205,57.2087,57.6178,58.9546,60.4899,0.0022397435897436,0.0034739102564102,0.0033414102564102,0.3427406832298137,0.0946076604554865,0.0960773809523809,0.1261110248447205,57.2087,57.6178,58.9546,60.4899,0.0022397435897436,0.0034739102564102,0.0033414102564102
169,0.3514984472049689,0.0856643374741201,0.1172797619047619,0.1333636128364389,42.4401,44.665,46.7222,48.9999,0.0023429487179487,0.0030948717948718,0.0031241025641025,0.3514984472049689,0.0856643374741201,0.1172797619047619,0.1333636128364389,42.4401,44.665,46.7222,48.9999,0.0023429487179487,0.0030948717948718,0.0031241025641025
170,2.752096273291926,1.1934083850931678,1.0860403726708074,1.0493115942028983,46.6843,46.452,50.3313,56.1015,0.0308416666666666,0.0206493589743589,0.027825,2.752096273291926,1.1934083850931678,1.0860403726708074,1.0493115942028983,46.6843,46.452,50.3313,56.1015,0.0308416666666666,0.0206493589743589,0.027825
171,0.395139751552795,0.0887401656314699,0.1073566252587991,0.1501557971014493,43.7605,43.783,43.7607,45.1454,0.0017589743589743,0.002326923076923,0.0024168589743589,0.395139751552795,0.0887401656314699,0.1073566252587991,0.1501557971014493,43.7605,43.783,43.7607,45.1454,0.0017589743589743,0.002326923076923,0.0024168589743589
172,0.4448628364389234,0.0955641821946169,0.1136765010351966,0.1315072463768116,67.8634,69.3157,70.9897,69.0376,0.0022070512820512,0.0027628205128205,0.0026596153846153,0.4448628364389234,0.0955641821946169,0.1136765010351966,0.1315072463768116,67.8634,69.3157,70.9897,69.0376,0.0022070512820512,0.0027628205128205,0.0026596153846153
173,0.3352691511387163,0.0868703416149068,0.0988915631469979,0.11363483436853,43.4904,45.0853,46.5833,45.9303,0.0026429487179487,0.0033743589743589,0.0028301282051282,0.3352691511387163,0.0868703416149068,0.0988915631469979,0.11363483436853,43.4904,45.0853,46.5833,45.9303,0.0026429487179487,0.0033743589743589,0.0028301282051282
175,4.36092132505176,1.6005564182194618,1.22064182194617,1.1274197722567287,58.9746,59.1449,66.5719,71.9496,0.0821884615384615,0.0416679487179487,0.037826282051282,4.36092132505176,1.6005564182194618,1.22064182194617,1.1274197722567287,58.9746,59.1449,66.5719,71.9496,0.0821884615384615,0.0416679487179487,0.037826282051282
176,0.1701425983436853,0.1525597826086956,0.4018918219461698,0.147649585921325,0.63046,23.4514,39.3104,61.5541,0.200001923076923,0.1669775641025641,0.0858493589743589,0.1701425983436853,0.1525597826086956,0.4018918219461698,0.147649585921325,0.63046,23.4514,39.3104,61.5541,0.200001923076923,0.1669775641025641,0.0858493589743589
177,0.3078286749482402,0.0858071946169772,0.0782763975155279,0.1581159420289855,35.7986,35.2461,34.7508,35.9761,0.0026091025641025,0.0041543589743589,0.0040684615384615,0.3078286749482402,0.0858071946169772,0.0782763975155279,0.1581159420289855,35.7986,35.2461,34.7508,35.9761,0.0026091025641025,0.0041543589743589,0.0040684615384615
178,0.4048110766045548,0.0874673913043478,0.1066130952380952,0.1638056418219461,38.0704,37.9075,37.1454,35.1772,0.0024566666666666,0.0033834999999999,0.0037036538461538,0.4048110766045548,0.0874673913043478,0.1066130952380952,0.1638056418219461,38.0704,37.9075,37.1454,35.1772,0.0024566666666666,0.0033834999999999,0.0037036538461538
179,0.2915812629399586,0.070302536231884,0.0767883022774327,0.115083850931677,63.5963,64.025,64.7272,65.9254,0.0017215384615384,0.0028623076923076,0.0029639743589743,0.2915812629399586,0.070302536231884,0.0767883022774327,0.115083850931677,63.5963,64.025,64.7272,65.9254,0.0017215384615384,0.0028623076923076,0.0029639743589743
180,4.036050724637681,1.6853493788819878,1.1507142857142858,1.078773291925466,45.7555,43.6089,47.2858,54.21,0.0838576923076923,0.0777724358974359,0.0733403846153846,4.036050724637681,1.6853493788819878,1.1507142857142858,1.078773291925466,45.7555,43.6089,47.2858,54.21,0.0838576923076923,0.0777724358974359,0.0733403846153846
181,3.2071946169772256,1.4747230848861286,1.1929994824016563,1.259787784679089,60.0975,60.7068,61.7275,71.325,0.0309358974358974,0.0195282051282051,0.0216320512820512,3.2071946169772256,1.4747230848861286,1.1929994824016563,1.259787784679089,60.0975,60.7068,61.7275,71.325,0.0309358974358974,0.0195282051282051,0.0216320512820512
183,0.2720471014492753,0.0643095238095238,0.0795843685300207,0.1567650103519668,44.3869,43.8662,44.2363,44.7704,0.0022910256410256,0.0037721153846153,0.0038785256410256,0.2720471014492753,0.0643095238095238,0.0795843685300207,0.1567650103519668,44.3869,43.8662,44.2363,44.7704,0.0022910256410256,0.0037721153846153,0.0038785256410256
184,0.1812065217391304,0.0640817805383022,0.0620289855072463,0.1130082815734989,46.463,46.2492,45.7276,46.3086,0.0020153846153846,0.0029574358974358,0.0028608333333333,0.1812065217391304,0.0640817805383022,0.0620289855072463,0.1130082815734989,46.463,46.2492,45.7276,46.3086,0.0020153846153846,0.0029574358974358,0.0028608333333333
185,0.1533871635610766,0.0718825051759834,0.0738737060041407,0.1046682194616977,60.694,60.2446,59.9058,59.8801,0.0019608974358974,0.0027564102564102,0.0026737179487179,0.1533871635610766,0.0718825051759834,0.0738737060041407,0.1046682194616977,60.694,60.2446,59.9058,59.8801,0.0019608974358974,0.0027564102564102,0.0026737179487179
186,0.1996933229813665,0.0803491200828157,0.0765124223602484,0.1256358695652173,34.117,34.0904,34.689,36.1777,0.0025660256410256,0.0037282051282051,0.0034948717948717,0.1996933229813665,0.0803491200828157,0.0765124223602484,0.1256358695652173,34.117,34.0904,34.689,36.1777,0.0025660256410256,0.0037282051282051,0.0034948717948717
187,0.152626552795031,0.070715320910973,0.0634034679089027,0.1057140269151138,33.8386,33.1542,32.4118,31.7662,0.002125,0.0032820512820512,0.0030435897435897,0.152626552795031,0.070715320910973,0.0634034679089027,0.1057140269151138,33.8386,33.1542,32.4118,31.7662,0.002125,0.0032820512820512,0.0030435897435897
188,0.1788361801242236,0.0867528467908902,0.084590320910973,0.0991475155279503,35.7945,35.1965,35.0243,35.3904,0.0021591025641025,0.0030128205128205,0.0028102564102563,0.1788361801242236,0.0867528467908902,0.084590320910973,0.0991475155279503,35.7945,35.1965,35.0243,35.3904,0.0021591025641025,0.0030128205128205,0.0028102564102563
189,2.5602122153209117,1.05995082815735,1.0376837474120084,1.0499611801242237,64.1008,57.2873,56.8179,60.8363,0.0370378205128205,0.0312397435897435,0.0306865384615384,2.5602122153209117,1.05995082815735,1.0376837474120084,1.0499611801242237,64.1008,57.2873,56.8179,60.8363,0.0370378205128205,0.0312397435897435,0.0306865384615384
190,0.2414930124223602,0.06578933747412,0.086449016563147,0.105710403726708,57.4383,58.0572,58.6251,58.8768,0.0016294871794871,0.0025655769230769,0.0027929487179487,0.2414930124223602,0.06578933747412,0.086449016563147,0.105710403726708,57.4383,58.0572,58.6251,58.8768,0.0016294871794871,0.0025655769230769,0.0027929487179487
191,0.172083850931677,0.0620243271221532,0.0741754658385093,0.0952686335403726,53.1196,54.1477,55.5871,56.5928,0.002201282051282,0.0030416666666666,0.0027141025641025,0.172083850931677,0.0620243271221532,0.0741754658385093,0.0952686335403726,53.1196,54.1477,55.5871,56.5928,0.002201282051282,0.0030416666666666,0.0027141025641025
192,0.2563097826086957,0.0746376811594203,0.0974389233954451,0.142774585921325,43.205,42.9161,42.2838,41.5465,0.0020314102564102,0.0031294871794871,0.0036173076923076,0.2563097826086957,0.0746376811594203,0.0974389233954451,0.142774585921325,43.205,42.9161,42.2838,41.5465,0.0020314102564102,0.0031294871794871,0.0036173076923076
193,0.377342132505176,0.0644052795031056,0.0681638198757764,0.1258227225672878,41.5196,42.4137,44.1393,46.0623,0.0016472435897435,0.0029626282051282,0.003213141025641,0.377342132505176,0.0644052795031056,0.0681638198757764,0.1258227225672878,41.5196,42.4137,44.1393,46.0623,0.0016472435897435,0.0029626282051282,0.003213141025641
194,0.3913483436853002,0.0633369565217391,0.0767375776397515,0.1399733436853002,48.0031,49.0034,50.1017,51.1493,0.0017620961538461,0.0030816666666666,0.0032909679487179,0.3913483436853002,0.0633369565217391,0.0767375776397515,0.1399733436853002,48.0031,49.0034,50.1017,51.1493,0.0017620961538461,0.0030816666666666,0.0032909679487179
195,0.2388843167701863,0.0676871118012422,0.0993778467908902,0.1078141821946169,47.8422,49.955,51.1754,50.8664,0.0018448717948717,0.0021083333333333,0.0026522435897435,0.2388843167701863,0.0676871118012422,0.0993778467908902,0.1078141821946169,47.8422,49.955,51.1754,50.8664,0.0018448717948717,0.0021083333333333,0.0026522435897435
196,0.1767290372670807,0.0650458074534161,0.080004917184265,0.0975931677018633,40.8989,40.6734,41.3145,42.8724,0.0016574999999999,0.0024337179487179,0.0023461538461538,0.1767290372670807,0.0650458074534161,0.080004917184265,0.0975931677018633,40.8989,40.6734,41.3145,42.8724,0.0016574999999999,0.0024337179487179,0.0023461538461538
197,1.2628002070393374,0.4886361283643893,0.592554347826087,0.5341278467908903,43.7599,42.506,44.7541,47.1005,0.00875,0.0121333333333333,0.0136487179487179,1.2628002070393374,0.4886361283643893,0.592554347826087,0.5341278467908903,43.7599,42.506,44.7541,47.1005,0.00875,0.0121333333333333,0.0136487179487179
198,0.2671687370600414,0.0723180641821946,0.0837041925465838,0.1610307971014492,43.3678,43.5812,45.1745,47.3427,0.0022089743589743,0.0037198717948717,0.0038275641025641,0.2671687370600414,0.0723180641821946,0.0837041925465838,0.1610307971014492,43.3678,43.5812,45.1745,47.3427,0.0022089743589743,0.0037198717948717,0.0038275641025641
199,0.3205719461697722,0.0592463768115942,0.0894482401656314,0.1241345755693582,35.6059,36.6173,38.052,38.1817,0.0017032051282051,0.0021608461538461,0.0029561282051282,0.3205719461697722,0.0592463768115942,0.0894482401656314,0.1241345755693582,35.6059,36.6173,38.052,38.1817,0.0017032051282051,0.0021608461538461,0.0029561282051282
203,0.3038276397515528,0.0727986542443064,0.0752619047619047,0.1117176501035196,41.6403,42.3644,43.5004,43.6571,0.0015977564102564,0.0023245512820512,0.0024213846153846,0.3038276397515528,0.0727986542443064,0.0752619047619047,0.1117176501035196,41.6403,42.3644,43.5004,43.6571,0.0015977564102564,0.0023245512820512,0.0024213846153846
