S1,Tm,zetaM,mu1,R1,moatAmpli,RI,GMFile,GMScale,mu2,mu3,R2,R3,beam,roofBeam,col,moatGap,Tfb,T1,T2,ST1,ST2,GMSavg,GMS1,GMST1,GMST2,GMSTm,maxDisplacement,accMax0,accMax1,accMax2,accMax3,velMax0,velMax1,velMax2,velMax3,driftMax1,driftMax2,driftMax3,collapseDrift1,collapseDrift2,collapseDrift3,serviceDrift1,serviceDrift2,serviceDrift3,occupancyDrift1,occupancyDrift2,occupancyDrift3,resDrift1,resDrift2,resDrift3,impactedLeft,impactedRight,impacted,uplifted,runFailed
0.9998870727244396,3.2015285293070987,0.12679844577343974,0.029399336177106113,37.62390247689453,1.4074362005855232,0.5119501214082338,RSN3966_TOTTORI_TTR009NS,4.560064263184961,0.08581243960793236,0.08581243960793236,63.96063421072072,63.96063421072072,W30X99,W21X50,W14X311,34.44057108100657,0.8202921971468365,2.248138685268922,3.615202994230716,0.4447621845023467,0.27657840356961944,0.5907119011105465,0.747110896738845,0.5544621329801579,0.26755849135229165,0.3381193620387442,36.417,0.835830745341615,0.5581469979296066,0.569684265010352,0.7949301242236025,80.6059,80.9792,81.4394,81.8081,0.007632692307692306,0.011528205128205134,0.012410897435897458,0,0,0,0,0,0,1,1,1,0.0003445961538461538,0.0005646730769230768,0.00040294230769230804,1,1,1,1,0
1.0168361218648472,3.951222460520016,0.14591488567597102,0.03479716202279613,24.210230087923414,0.7872356139169145,1.008310185420835,RSN138_TABAS_BOS-L1,7.129586035202336,0.04736760630802653,0.04736760630802653,99.26194336048606,99.26194336048606,W21X68,W21X44,W14X159,23.141490971087716,1.260410481249219,1.1458040692111802,4.5036817536918585,0.8874432803898838,0.2257788577159795,0.600725036906438,1.1913830577850546,0.7703744277507979,0.2884547631572841,0.2544374152624647,26.2705,2.0298033126294,0.7325051759834369,0.5493090062111802,0.590794513457557,59.6267,56.0071,56.79600000000001,62.7612,0.038039743589743595,0.04033525641025642,0.03731089743589745,0,0,0,1,1,1,1,1,1,0.027376538461538463,0.024757051282051287,0.018724358974358972,1,1,1,1,0
1.026494243149977,3.27666089027711,0.1604090773513077,0.03628461009835297,35.88561459198323,0.5580613252756391,1.188114409220966,RSN82_SFERN_PHN180,13.223158738767882,0.08524750213126897,0.08524750213126897,71.77122918396648,71.77122918396648,W21X68,W18X40,W14X145,13.300935592751728,1.3060965827523299,2.0522449766429665,3.829583113134799,0.5001811454444888,0.268043338615444,0.6064308484336839,0.7663226440089268,0.7156861654883454,0.4766102079831607,0.5209935509356218,22.7475,401827.1221532091,215440.21739130435,49756.46997929607,283.5144927536232,36430.2,18588.0,3624.65,197.88099999999997,1.0295314102564102,0.9514294871794872,0.08160961538461542,1,1,1,1,1,1,1,1,1,1.0295314102564102,0.9502948717948717,0.05785256410256396,1,1,1,1,-3
1.0870919605572942,3.5069235202850644,0.1738089191690051,0.04820500022184599,18.846847760800273,1.2038042825764317,1.4116316373290736,RSN522_PALMSPR_INO225,17.68849380721571,0.06321100162085289,0.06321100162085289,82.92613014752122,82.92613014752122,W21X62,W18X40,W14X132,31.60103866765574,1.37585504930124,0.9561627572408785,4.1164420582374,1.1369319211869613,0.26408533028709047,0.6422306840642231,1.242884493753145,1.3449461401731095,0.16899081444123923,0.23115802145114311,22.1026,0.2700077639751553,0.05575621118012423,0.054355590062111804,0.08679994824016563,38.66,39.0908,39.5427,41.7004,0.0026096153846153834,0.003728205128205139,0.0032371794871795035,0,0,0,0,0,0,0,0,0,2.8551282051283206e-05,1.606410256410333e-05,0.00018985897435897458,0,0,0,0,0
1.1518535704684425,3.5919348045016646,0.18463379040882744,0.03665185779799533,42.106915294710525,1.1792956368779393,0.8774538094308743,RSN357_COALINGA.H_H-SC3000,14.032459083316299,0.09820801915853741,0.09820801915853741,92.6352136483632,92.6352136483632,W24X76,W21X44,W14X193,32.84663200158327,1.0963513099840603,2.3222838910380545,4.350752326175474,0.496000327485184,0.2647481364403426,0.6804904583458902,1.1396601969106166,0.5249734902135003,0.15016812633313148,0.3154157514163261,22.5865,0.16548680124223603,0.04548214285714286,0.049229554865424435,0.0729319358178054,51.9427,52.6408,53.3606,53.5914,0.0015025641025641079,0.0019897435897435986,0.0017154487179487172,0,0,0,0,0,0,0,0,0,3.4935897435897145e-05,1.29487179487188e-05,0.00016089102564102625,0,0,0,0,0
1.1493191285174509,3.5283013475502125,0.12432573450187075,0.028015264113222103,21.13193086108648,1.5045579160104785,0.8115803470287516,RSN882_LANDERS_FHS000,7.8842875686201594,0.05979498328209906,0.05979498328209906,76.07495109991137,76.07495109991137,W24X84,W21X44,W14X211,46.910706110628404,1.0403075363381515,1.5149159949436388,3.9427310063683687,0.7586685547935021,0.29150330739303554,0.6789931642374214,1.2235334159101585,1.1253957554258713,0.17923963948965976,0.2596892710694045,17.7525,0.14138457556935818,0.048044513457556934,0.04537474120082816,0.08068788819875777,37.3559,37.4852,37.5979,37.6534,0.0012955128205128302,0.0019391025641025655,0.0016564102564102562,0,0,0,0,0,0,0,0,0,0.00026183333333333294,0.0003141602564102562,0.00035635256410256446,0,0,0,0,0
1.0727607156535617,2.852189953326908,0.1780691611228098,0.06877905564918607,39.549779496969535,1.0895951901369545,1.5415863401447645,RSN3747_CAPEMEND_CRW270,4.540165973843187,0.08596842444870811,0.08596842444870811,55.36969129575736,55.36969129575736,W24X62,W21X44,W14X145,22.751596733312613,1.2752375365629356,1.2711851816243223,3.3636620734705907,0.8439059321654352,0.3189264237078068,0.633764091032574,0.8260564119615222,0.7005295292178518,0.3474644628166298,0.49370702808136424,28.9094,160.12500000000003,569.7127329192547,578.4083850931677,4.3650362318840585,71.3847,215.12599999999998,248.782,220.563,0.8730574999999999,0.9719615384615387,0.037493589743589725,1,1,0,1,1,1,1,1,1,0.8730574999999999,0.9719615384615387,0.003858974358974566,1,1,1,1,-3
0.8802316174949869,3.319557545443929,0.15405131653570878,0.041726240899437855,39.59803672462429,1.5196114908919025,0.5632028433943022,RSN122_FRIULI.A_A-COD000,8.611286028327658,0.054454739560727605,0.054454739560727605,71.27646610432376,71.27646610432376,W27X84,W18X50,W14X233,31.90515962407507,0.9692135134456666,1.3752570574971983,3.8163604537554106,0.6400487913851554,0.23064687630038017,0.5200220168576702,1.1020878862202248,1.1081535825678646,0.1315261564865216,0.15636547856574845,15.561,0.17023266045548655,0.057648033126294004,0.05103416149068323,0.07700077639751553,40.7176,40.7942,40.7847,40.6365,0.0011358974358974304,0.0015891025641025613,0.001483333333333338,0,0,0,0,0,0,0,0,0,1.626923076923103e-05,9.19230769230799e-06,0.00015654487179487161,0,0,0,0,0
0.8678916726370938,3.0191190478012015,0.16462250732675285,0.02508961753898427,26.014203712971607,1.0594263120567269,0.8341180442299964,RSN1148_KOCAELI_ARE000,8.209138860243517,0.0830258680464416,0.0830258680464416,62.43408891113189,62.43408891113189,W24X76,W21X44,W14X193,19.492717851413484,1.0963513096615132,1.9259723854278867,3.5718005234333843,0.4506251902694219,0.242984362352586,0.512731841311402,0.9574351489257453,0.3061266826081423,0.3162435486575821,0.37141284948315273,22.4718,1.6859782608695653,0.8369694616977226,0.5580590062111802,0.6701966873706005,57.3388,58.0102,58.9896,59.8735,0.040517307692307686,0.042713461538461533,0.04083012820512822,0,0,0,1,1,1,1,1,1,0.014042192307692306,0.013891153846153843,0.01200814102564103,1,1,1,1,0
1.1866553812666036,3.28113318785828,0.1690183456283766,0.04193926498827144,39.12413711422571,1.1748807529790304,1.2265490621185298,RSN471_MORGAN_SJL270,16.669170131495104,0.11143745691332899,0.11143745691332899,74.33586051702888,74.33586051702888,W24X68,W21X44,W14X159,31.820614170089875,1.19430984247274,2.2329029638995657,3.8974046046746267,0.5314406404809531,0.3044732332494566,0.7010506239680504,1.6292201849722383,0.42905981798846715,0.26952790793590137,0.39046296878440456,33.6718,1.0465372670807453,0.5853493788819876,0.4252225672877847,0.5240010351966874,61.0414,57.5938,57.742,59.9882,0.018530769230769222,0.018737179487179498,0.016193589743589715,0,0,0,0,0,0,1,1,1,0.009720237179487178,0.007418141025641027,0.005337628205128201,1,1,1,1,0
1.2980109741103312,3.1834810756703313,0.16282084212812764,0.046394306244728456,30.88755181403152,0.4840291867604196,1.2625657073976864,RSN138_TABAS_BOS-L1,9.10105445269226,0.10676858169976744,0.10676858169976744,67.95261399086938,67.95261399086938,W24X76,W21X44,W14X176,14.099230319843533,1.123719769628512,1.8891753919437824,3.726313511129451,0.6870780657241152,0.3483364913428613,0.7668371270066174,1.5208235133681327,0.9715722207804682,0.27683374711033376,0.3783145734264905,19.851,139.71040372670808,178.28804347826087,32.267080745341616,3.6657608695652177,104.564,133.785,224.541,232.863,0.8893661538461538,0.8594679487179487,0.04699423076923079,1,1,0,1,1,1,1,1,1,0.8893661538461538,0.8594679487179487,0.027346153846153607,1,1,1,1,-3
1.1839997017931152,3.5441931711968286,0.1343321510178757,0.04255622846900977,17.726171799793836,1.6060305374989938,0.5690030601369449,RSN725_SUPER.B_B-POE270,3.905198142977862,0.057770008794315375,0.057770008794315375,77.9951559190929,77.9951559190929,W30X99,W21X50,W14X283,50.62405435756695,0.8406186802617724,0.9766773993246615,3.9921800738032127,1.2122730623354343,0.29657973335485327,0.6994817053238177,1.3135645534862768,1.2903422269304154,0.1964928738907072,0.2975025056602925,15.5851,0.19881961697722567,0.05690993788819876,0.04277743271221532,0.0819459109730849,68.2555,68.6671,69.2375,69.7387,0.0007865384615384504,0.0011437179487179489,0.0012778846153846148,0,0,0,0,0,0,0,0,0,1.2051282051282717e-05,8.782051282051881e-06,0.0001523717948717939,0,0,0,0,0
1.18215291569943,2.8483158908137,0.1446507782544796,0.0321824975885716,22.98483388035259,0.8770015718504804,1.0611667295267186,RSN138_TABAS_BOS-L1,8.28871116791878,0.11229615813477406,0.11229615813477406,52.86511792481098,52.86511792481098,W24X84,W21X44,W14X193,21.667023372894928,1.0632580532517948,1.8304919811128852,3.286706396146205,0.6458115784701312,0.3596770667089557,0.698390663591102,1.3850776198750168,0.8740852861670085,0.3226319985745743,0.37196661001438847,29.629,3302.2774327122156,1731.2758799171843,10.888017598343687,15.7791149068323,1353.88,473.842,127.975,130.909,1.0018258974358976,0.11064871794871801,0.08530769230769235,1,1,1,1,1,1,1,1,1,0.9984134615384616,0.032942307692307576,0.05612179487179484,1,1,1,1,-3
1.086831816651137,3.0230168686185754,0.18979014698354574,0.06862790697258847,33.56362672780851,0.5607823038865067,1.733206599840036,RSN4882_CHUETSU_65321NS,6.073835367757355,0.07803457956933696,0.07803457956933696,63.7708907828362,63.7708907828362,W24X62,W21X44,W14X132,12.272789826390342,1.3079949525418253,0.9092539897602483,3.609836642644234,1.1953005748566607,0.3010750691075661,0.642076996607349,1.0032500085540785,1.0432093220080405,0.23696944596454447,0.36395275176759057,82.0273,4095445.1345755695,2232109.213250518,23669.9016563147,1060.7505175983438,517832.0,191663.0,3772.08,184.581,0.9498525641025642,1.0741775641025642,0.04528846153846152,1,1,0,1,1,1,1,1,1,0.8038437628205128,1.0741775641025642,0.03782051282051286,1,1,1,1,-3
1.1425979565549742,3.861612332609017,0.17997732011221512,0.03406757504565569,34.480916082871005,0.4135380663756342,1.9098190848740533,RSN20_NCALIF.FH_H-FRN044,3.143928696612745,0.0737459475618073,0.0737459475618073,103.44274824861307,103.44274824861307,W24X55,W18X40,W14X120,12.402608022732023,1.403041450858732,1.9470340661716767,4.5975486387890285,0.5868402491804309,0.24852329933282202,0.6750224395666568,0.8329804498459805,0.9374831160686444,0.1820993154966574,0.2386503764784037,16.7206,292864.90683229815,285160.4554865425,673.7707039337474,769.774844720497,23732.1,22055.6,345.598,321.466,0.9564716666666667,0.08403589743589744,0.06542948717948732,1,1,1,1,1,1,1,1,1,0.9564716666666667,0.06444871794871797,0.06541666666666665,1,1,1,1,-3
1.0732625510055296,2.6001705026561863,0.13890403934790255,0.057345896468961086,18.43319768991748,0.4291140466335889,1.4770272985896644,RSN930_BIGBEAR_SB2270,9.983291484600969,0.0776777170635723,0.0776777170635723,42.39635468681023,42.39635468681023,W24X68,W21X44,W14X159,8.901579658337438,1.1943098429272978,0.9929252514314849,2.9433409025941595,1.080909715467729,0.36464092557528516,0.6340605646273348,1.0672228446661798,1.0829098896360267,0.2648434002539311,0.5541218326602502,11.7289,1.7285584886128365,0.8061568322981367,0.45128623188405803,0.6510688405797102,48.2124,45.1774,48.577,60.1728,0.025601153846153853,0.023875000000000004,0.018869871794871793,0,0,0,1,0,0,1,1,1,0.0023798397435897435,0.0008731089743589745,0.000551032051282051,1,1,1,1,0
1.1378972640499847,2.936268726103658,0.13423610058469235,0.019591678327493214,19.58234009227518,0.3510957140086656,1.5123943994868805,RSN3964_TOTTORI_TTR007NS,4.421396217883541,0.09577305956919646,0.09577305956919646,54.83055225837054,54.83055225837054,W24X68,W21X44,W14X159,8.81362525418111,1.1943098418077867,1.7840677479756128,3.3472458932754177,0.6378105682035675,0.3399503055141567,0.6722453709537058,0.9799759433165797,0.49947265270198793,0.3154292450017967,0.3787460836545574,13.7406,4.044254658385094,3.1812111801242238,0.853434265010352,0.7668090062111802,87.8081,85.03200000000001,81.8717,81.6222,0.09956155769230769,0.07164487179487179,0.04951794871794873,1,1,0,1,1,1,1,1,1,0.06297885897435898,0.02981564102564101,0.008106410256410254,1,1,1,1,0
1.087770531028409,3.7923319023563464,0.17221584918637672,0.02279742481216191,32.080205978550374,0.5224360682568889,1.4155172308352275,RSN882_LANDERS_FHS000,7.462066420456704,0.07650380273440549,0.07650380273440549,99.44863853350623,99.44863853350623,W24X55,W21X44,W14X120,14.889919433673853,1.3874577513414323,2.145192656953246,4.507915101481661,0.5070735849773687,0.24130235519983076,0.642631568988095,1.15801047814492,0.712992956801574,0.15389483843236196,0.20961124931623878,16.7209,1.0739311594202898,0.5544280538302278,0.29853778467908904,0.4066433747412009,48.5885,47.2223,44.0376,51.937,0.03703525641025641,0.03941794871794872,0.02966730769230769,0,0,0,1,1,1,1,1,1,0.030198205128205126,0.02869467948717949,0.019753846153846153,1,1,1,0,0
1.1011999226643492,2.6364802224798294,0.1643129650876773,0.06212240815965665,36.97896732172213,0.9774597797060224,0.8139926636608709,RSN821_ERZINCAN_ERZ-NS,1.3708309832762355,0.1728379322582129,0.1728379322582129,48.07265751823878,48.07265751823878,W30X90,W21X50,W14X257,19.940447563449034,0.8839806634331476,2.200079760840857,3.1341903773067608,0.5005272728128172,0.35135068074920855,0.6505653663942452,1.201779695169315,0.765668207830145,0.36535133140940057,0.5607418141070206,23.4581,2.063276397515528,0.9086723602484472,0.7909653209109732,0.890952380952381,73.2821,67.4103,61.6511,71.7697,0.03512243589743589,0.033228846153846144,0.028141025641025646,0,0,0,1,1,1,1,1,1,0.02802944871794872,0.02522339743589743,0.018006923076923077,1,1,1,1,0
1.2321023949975811,3.6317206256468184,0.1961074017841808,0.0383841707221032,34.38928318467404,0.6298372094956493,0.909788949200202,RSN122_FRIULI.A_A-COD000,12.053629895397549,0.09557085552304359,0.09557085552304359,96.28999291708737,96.28999291708737,W24X76,W21X44,W14X193,18.53394919700614,1.0963513100325744,2.05056052438158,4.435748197070321,0.600861267125566,0.2777665323318731,0.7278997478472841,1.54264525054679,0.7081206668977472,0.1754013903696217,0.19824199861001676,17.9169,0.15805201863354038,0.05397101449275362,0.055986024844720504,0.11290605590062112,54.9711,55.4911,56.2087,56.7382,0.0018993589743589658,0.0029173076923077025,0.002514743589743593,0,0,0,0,0,0,0,0,0,2.155128205128261e-05,1.08589743589749e-05,0.00017020512820512833,0,0,0,0,0
1.1140826213263295,3.1244340503964207,0.15755736160577855,0.031372949093924116,28.51520115861852,1.024364457574764,0.8273092686773365,RSN825_CAPEMEND_CPM000,1.7371916236878413,0.10067738337212498,0.10067738337212498,65.58496266482263,65.58496266482263,W24X84,W21X44,W14X211,25.424583221780697,1.0403075364287968,2.002760783185131,3.6608205875124167,0.5562734354896474,0.30432592766950256,0.6581761892817917,1.294499434121059,0.40594825814042645,0.33714552973966005,0.3375296422819789,28.8627,1.8738819875776398,0.857207556935818,0.6692106625258799,0.7642572463768117,94.7285,95.2972,95.9731,96.5348,0.041166025641025644,0.039375641025641034,0.03325769230769227,0,0,0,1,1,1,1,1,1,0.03390685897435898,0.030276666666666667,0.021383012820512814,1,1,1,1,0
1.0445256336888225,3.814773403354032,0.1745894686818501,0.03623297600999678,36.70579004280327,1.3647733805784843,1.8651203333371265,RSN4854_CHUETSU_65020NS,9.788232049576852,0.06463762961303776,0.06463762961303776,99.10563311556889,99.10563311556889,W21X55,W21X44,W14X120,37.384056221781535,1.448375770689704,1.8154974081957906,4.500134326889015,0.5753385430204793,0.23210987890908424,0.6170834083831248,1.1368375714036192,0.7727478008130513,0.13076517219578093,0.20932917562737388,31.4099,0.19956185300207038,0.06323990683229815,0.05458385093167702,0.08432815734989649,55.5632,56.6622,58.7402,60.6946,0.002904487179487174,0.003910256410256407,0.002851282051282056,0,0,0,0,0,0,0,0,0,0.0005992307692307693,0.0008198717948717943,0.0006979487179487185,0,0,0,0,0
1.0860752066802557,3.2575011229402215,0.119184999086703,0.02845876320364389,44.35654413967257,1.5792084039601662,1.4737808173495497,RSN122_FRIULI.A_A-COD000,10.625049211041345,0.11767397050727829,0.11767397050727829,66.53481620950888,66.53481620950888,W24X62,W18X40,W14X145,43.484483285101604,1.290993353618544,2.621406665032754,3.6872347499421516,0.4143100806019677,0.29455005724745215,0.6416300076158012,1.3598129231176512,0.32259338875661847,0.17116457119203535,0.1972129750057518,22.4837,0.15146325051759835,0.07178002070393376,0.06754114906832298,0.09400750517598344,49.4202,50.2062,51.1272,51.6488,0.0027903846153846026,0.003906410256410239,0.003056410256410239,0,0,0,0,0,0,0,0,0,2.2967948717948737e-05,2.1474358974358744e-05,0.00019633333333333327,0,0,0,0,0
1.167484375280457,2.5197197933047337,0.1940935251947918,0.08684924293388428,37.80057684633671,1.7662507319145433,1.6825331737205151,RSN68_SFERN_PEL090,4.658470518796849,0.15659413824306587,0.15659413824306587,45.36069221560406,45.36069221560406,W24X68,W21X50,W14X159,34.30857206347837,1.1872842493703384,1.8547867456446,3.044501161013362,0.6294439929668126,0.3834731253286367,0.6897248035817323,1.158025428068063,0.3748418333939119,0.45489267329205246,0.4200807926331433,37.3281,9.146506211180125,3.949974120082816,0.8559808488612837,0.5975698757763975,75.0976,76.4937,78.26,79.4471,0.07072051282051284,0.059777564102564136,0.03884423076923076,1,1,0,1,1,1,1,1,1,0.0438043141025641,0.02723570512820513,0.014028205128205126,1,1,1,1,0
0.9201712251578232,3.5060569982157066,0.1833852560623088,0.022542580921635733,21.047167381538173,0.3943032467032044,0.5055283382008963,RSN347_COALINGA.H_H-Z09000,8.544536606926483,0.06522638686488359,0.06522638686488359,86.29338626430656,86.29338626430656,W30X90,W21X50,W14X283,8.58579866433264,0.8619259762105232,1.6776178644491415,4.199185528982228,0.5484987044173903,0.21913088116896054,0.5436174830015008,1.103414114901344,0.738141992284702,0.15377166678482895,0.2832297303500034,12.708,2.027259316770187,1.2917831262939958,0.8779011387163562,1.1203416149068324,69.8849,63.4225,54.4611,60.2511,0.026890256410256407,0.02953846153846153,0.030650641025641023,0,0,0,1,1,1,1,1,1,0.017166878205128206,0.015076025641025642,0.014282115384615386,1,1,1,1,0
0.8175703705020885,3.6868999218953653,0.1552668121233549,0.019426020990864462,33.273323465592235,1.7756983113562768,0.6499407162185923,RSN357_COALINGA.H_H-SC3000,9.960053140380156,0.055495303038075205,0.055495303038075205,89.83797335709909,89.83797335709909,W24X76,W21X44,W14X193,38.35710387018656,1.096351309502892,2.1021564450684114,4.284560507429617,0.3889198505753847,0.19081779078259842,0.4830030920742177,0.8089156758491147,0.42403773689631374,0.11272742497463303,0.20599393300357338,16.3241,0.09622619047619049,0.02929166666666667,0.034896739130434784,0.0476268115942029,36.1574,36.6379,37.0072,37.0483,0.0010679487179487228,0.001435256410256413,0.001250641025641026,0,0,0,0,0,0,0,0,0,1.858974358974439e-05,1.846153846153842e-05,0.0001790384615384616,0,0,0,0,0
1.0485699769524808,2.7604814729183453,0.18890150095106087,0.0603531583838825,29.877191374245573,1.0881972260528656,1.2765478110160258,RSN68_SFERN_PEL090,4.183980897693125,0.10319795034887869,0.10319795034887869,53.77894447364205,53.77894447364205,W24X68,W21X44,W14X159,21.01960863469814,1.194309843015748,1.5920608950773536,3.314991692069313,0.658624290185542,0.31631149467464675,0.6194727198995841,1.0400744730549558,0.6664256561564942,0.44274375323929754,0.3897707383640545,26.8464,380.57712215320913,194.51682194616978,120.15087991718428,8.663457556935818,250.765,156.127,122.64299999999999,99.8804,0.9892551282051283,0.27460320512820513,0.01736282051282054,1,1,0,1,1,0,1,1,1,0.9892551282051283,0.26617948717948703,0.009858974358974612,1,1,1,1,-3
1.2285590227612753,2.7502458114782797,0.12468548074981092,0.05008419682806514,36.72384115827074,1.4254257944161608,1.7310010121540214,RSN575_SMART1.45_45M01EW,4.079184863240714,0.17437158232765193,0.17437158232765193,47.740993505751966,47.740993505751966,W24X76,W21X44,W14X176,36.99992673237064,1.1237197697320571,2.3127358331917813,3.123359924462446,0.5312145923150049,0.39334532441781256,0.7258063993010855,1.397560551788202,0.3872517651169866,0.3593969159432514,0.38437518164186996,26.7515,0.22864104554865428,0.08643400621118012,0.08841692546583851,0.11656469979296066,48.7081,48.7271,48.4568,48.225,0.0029262820512820633,0.003622435897435904,0.0028878205128205006,0,0,0,0,0,0,0,0,0,2.259615384615385e-05,1.0839743589743577e-05,0.00016971794871794906,0,0,0,0,0
1.2641071186418396,3.8874483755624274,0.19065027546216956,0.031449718581037435,25.621415778169972,1.1589279230083402,1.4896350171173034,RSN5818_IWATE_48A61NS,2.8083403065746344,0.08084991698293423,0.08084991698293423,107.60994626831393,107.60994626831393,W21X62,W18X40,W14X132,37.86945176125419,1.3758550487529169,1.7885555234225095,4.689240579346342,0.7067754409004278,0.26957608534942135,0.7468074541914662,0.8525118593271143,0.722254561316923,0.32036324653117987,0.48261339484389604,31.8437,0.17190709109730848,0.06524378881987578,0.058273809523809526,0.08516614906832298,55.5057,54.9899,53.8332,54.411,0.0028602564102564168,0.00400384615384616,0.0033173076923076815,0,0,0,0,0,0,0,0,0,0.0006113461538461535,0.0006923717948717959,0.0003895512820512806,0,0,0,0,0
0.87579326620835,2.544271736851308,0.10070981665962557,0.05630007200630227,40.83515855809225,1.203627715519951,0.5388154986163609,RSN930_BIGBEAR_SB2270,8.146468400129283,0.3653732833987009,0.3653732833987009,44.918674413901485,44.918674413901485,W30X108,W21X50,W14X311,21.83651956512426,0.7973369250281401,2.6567807678341104,3.029631258564046,0.32964453703205765,0.2890758615368425,0.5173999338266515,0.8708648037953806,0.40095055271838037,0.19557205466501457,0.4975796720167863,15.3783,0.2310271739130435,0.08064570393374741,0.06037292960662526,0.09460119047619048,38.0496,38.1082,38.1306,38.1525,0.0009814102564102579,0.001289102564102566,0.0013269230769230817,0,0,0,0,0,0,0,0,0,1.1358974358974687e-05,6.782051282051304e-06,0.00014964743589743592,0,0,0,0,0
0.8664688242596609,2.85424625162005,0.11069462802768916,0.022648153082553954,31.02082501508841,1.3127802853016273,0.9213419715136768,RSN1089_NORTHR_TPF360,14.424854971300086,0.09151760827175942,0.09151760827175942,49.63332002414147,49.63332002414147,W24X76,W18X40,W14X193,25.791317680971616,1.1111113050112686,2.1840570182329446,3.1846592484919065,0.39672445225843733,0.2720758350112266,0.5118912529160193,1.1393310140705695,0.26513337750474014,0.2633107419651465,0.3044442040952431,22.0388,0.19122541407867497,0.0666625258799172,0.06977717391304349,0.07931651138716357,72.2853,72.8359,73.3026,73.5568,0.002071153846153847,0.002705769230769233,0.0023301282051282177,0,0,0,0,0,0,0,0,0,2.055128205128232e-05,1.211538461538499e-05,0.00018983333333333352,0,0,0,0,0
0.939990471212033,3.7307863310552825,0.1795468079589553,0.04109038979120346,16.662411583056496,1.5294797028058669,0.5649072960323559,RSN579_SMART1.45_45O04EW,3.051487319606333,0.05132486025595806,0.05132486025595806,94.97574602342198,94.97574602342198,W24X84,W21X44,W14X211,36.4915800102894,1.0403075366891725,0.8239750036166453,4.4053727806428356,1.1407997416015838,0.21337365031679995,0.5553262697581494,1.0171238894123067,1.3364740893259321,0.15877671532505155,0.24020958685303295,19.4648,0.12518607660455486,0.04672101449275363,0.048417184265010356,0.07332815734989648,31.5015,31.7205,32.0502,32.3504,0.0013237179487179608,0.0018782051282051463,0.0015211538461538537,0,0,0,0,0,0,0,0,0,3.037820512820473e-05,1.4179487179487127e-05,0.00015646153846153837,0,0,0,0,0
0.9321341837709782,3.9582347291803455,0.19868836253559785,0.03270294456189482,31.284461925905735,1.168627904425603,0.7568727119912618,RSN577_SMART1.45_45O01EW,3.488274405917145,0.05699146277834813,0.05699146277834813,112.62406293326072,112.62406293326072,W24X68,W21X44,W14X176,28.20870342108014,1.1636978462057974,1.6505787910694938,4.797245040992444,0.5647317103638544,0.19430614358989262,0.5506849431358025,0.9347937053641665,0.44092439555237245,0.16835603238946292,0.32737007840642274,23.2812,0.1442474120082816,0.05159032091097309,0.037671066252587995,0.07251164596273292,29.4257,29.6149,29.9039,30.3711,0.0012926923076923102,0.002027115384615379,0.0017851282051281998,0,0,0,0,0,0,0,0,0,0.00023609358974358978,0.0002592820512820512,0.00029245512820512816,0,0,0,0,0
1.0254029585153386,2.811025899269952,0.1992009000899918,0.04075856903692096,17.493667070628728,0.4836121627647215,1.8168315292581898,RSN579_SMART1.45_45O04EW,3.328761536658776,0.09765633191676099,0.09765633191676099,57.72910133307484,57.72910133307484,W24X62,W21X44,W14X132,9.110398929887898,1.3079949516595646,1.443158818591614,3.4345805467101105,0.7105267592904533,0.29855260185921206,0.6057861408074281,1.109545125532179,0.8307098507699957,0.30126339122271967,0.36349971946021176,12.0676,1.9153856107660456,0.6612008281573499,0.6166770186335404,0.519562629399586,47.7687,53.6099,64.5225,75.9326,0.05025467948717948,0.031380128205128206,0.018382051282051278,1,0,0,1,1,0,1,1,1,0.04067844871794872,0.020571217948717944,0.008030961538461546,1,1,1,0,0
1.172272717412566,3.3161240650361288,0.12355035643942786,0.03985793335548039,33.54369435806551,0.750377142833585,1.058929489371741,RSN523_PALMSPR_IND000,19.363289857807402,0.07021667535591858,0.07021667535591858,67.08738871613104,67.08738871613104,W24X76,W18X40,W14X193,22.469328791519242,1.1111113054867516,1.7214860504659422,3.7025143572773795,0.6809655629188952,0.31661530632782997,0.6925536537200973,1.450493199806032,0.9168622509472669,0.1908768705447589,0.2580480299808596,19.1433,0.20859368530020705,0.06065631469979296,0.050126035196687374,0.08984627329192547,54.2148,54.2484,54.1397,54.0744,0.0015070512820512883,0.0021801923076923144,0.0021909615384615357,0,0,0,0,0,0,0,0,0,0.00011625641025641051,0.00019232051282051335,0.00035119871794871816,0,0,0,0,0
0.995451504821547,3.067013904146055,0.1675035320315798,0.033816936573431454,29.304097279352927,1.0817218060723586,0.6515654877973316,RSN294_ITALY_A-TRC000,17.6574679612288,0.09313901976186595,0.09313901976186595,64.46901401457647,64.46901401457647,W30X90,W18X50,W14X283,23.04743860969929,0.8689504410578262,1.952912774814626,3.629541959170325,0.509726556996913,0.27426367184059136,0.5880914624431244,1.2860126382563712,0.48921635266567476,0.29663289611280313,0.268548985106001,26.28,1.7555124223602487,0.8387448240165633,0.6356211180124224,0.8734446169772258,52.4513,52.1216,52.7445,55.7294,0.02458012820512822,0.024882051282051298,0.02637628205128207,0,0,0,0,0,1,1,1,1,0.017138397435897436,0.016283653846153844,0.015458205128205128,1,1,1,1,0
1.28313023163616,3.2514613961058436,0.1923509019784444,0.045472174711317745,28.274322559201522,1.3950160612333142,0.9620791594647484,RSN1545_CHICHI_TCU120-E,2.593241362191702,0.11000813247631053,0.11000813247631053,76.34067090984415,76.34067090984415,W24X84,W21X44,W14X193,38.56647410065505,1.0632580536120764,1.841030126169764,3.9496107248336196,0.6969631910943758,0.32487511327846436,0.7580459025607378,1.2344093394651445,0.9517550307150421,0.3716978582420887,0.45137371751530536,42.1537,1.989409937888199,0.9688017598343687,0.6064052795031056,0.7028674948240166,83.8158,84.1497,84.4248,84.5254,0.05385064102564103,0.04738461538461541,0.039756410256410246,1,0,0,1,1,1,1,1,1,0.04495051282051283,0.03507901923076923,0.026928865384615388,1,1,1,1,0
1.1372120966557415,2.780037415245196,0.1467785450389375,0.06399267002534434,32.826593658452275,1.2761266586072884,0.6561470268460943,RSN779_LOMAP_LGP000,0.9229317291101389,0.08431636334065512,0.08431636334065512,49.23989048767843,49.23989048767843,W30X99,W21X55,W14X283,29.46115097888091,0.8353383874573626,1.2715533899246627,3.17201218170372,0.8943486806504596,0.358514416563474,0.6718405887087173,0.9662403004986322,0.8086366179194882,0.42344236437170846,0.4294834188786799,23.6984,0.24399171842650105,0.10809057971014494,0.09307893374741201,0.15458436853002072,52.8352,52.8962,52.7583,52.4733,0.0017628205128205265,0.0024500000000000064,0.0022621794871794756,0,0,0,0,0,0,0,0,0,1.183974358974351e-05,8.089743589743851e-06,0.0001404423076923074,0,0,0,0,0
0.953311724564328,3.710938303877252,0.16672207183643986,0.023274106345096253,39.44101852056363,0.4512809463510216,1.5347282349643423,RSN187_IMPVALL.H_H-PTS225,6.0563898235209,0.07397139814958147,0.07397139814958147,94.65844444935276,94.65844444935276,W21X55,W21X44,W14X120,11.159980930010889,1.4483757702358346,2.350232537865132,4.398007736282146,0.4056244261813695,0.21675990169362677,0.5631961813787371,0.6662386132872578,0.5638312052096607,0.36579351486225864,0.3502627509877131,15.864,68.90942028985508,80.25672877846792,14.074223602484473,3.180434782608696,67.7243,150.514,122.611,109.331,0.9608885897435897,0.13474999999999993,0.11920512820512823,1,1,1,1,1,1,1,1,1,0.9608885897435897,0.13364743589743583,0.11846794871794868,1,1,1,1,-3
0.9082085275417536,3.7462649421257135,0.1837914688830707,0.01910635748634478,18.882848821050654,1.191885931193114,1.2701520598770275,RSN82_SFERN_PHN180,11.699418294577427,0.05760059756922484,0.05760059756922484,98.19081386946337,98.19081386946337,W21X55,W21X44,W14X120,27.347439957273846,1.448375770088947,1.6058110652317796,4.4793163684456685,0.5655762045771334,0.20275605758494433,0.5365501770586961,0.6780172073849263,0.4766668833809028,0.23822105811400732,0.44060416673364805,30.1297,36.17857142857143,33.89104554865425,5.997696687370602,1.173082298136646,107.37299999999999,45.1263,47.7286,49.8033,0.4870435897435897,0.10996730769230768,0.03647435897435896,1,1,0,1,1,1,1,1,1,0.4870435897435897,0.0946826923076923,0.019059615384615352,1,1,1,1,-3
1.1989521140353412,3.531799470547689,0.13005152859174338,0.014127195679434712,29.25811622960537,1.6180687967597245,1.4020559716004624,RSN579_SMART1.45_45O04EW,3.892153468403388,0.08666628328873627,0.08666628328873627,78.99691381993455,78.99691381993455,W24X62,W18X40,W14X145,51.97930740342315,1.2909933531706004,2.236971474424502,4.017735753645604,0.5359711233438019,0.29841487533057365,0.7083152707360871,1.2973353185956453,0.41153476517609655,0.26138484828115743,0.335693129979813,23.7211,0.07549353002070394,0.05143711180124224,0.053625776397515534,0.0667590579710145,40.2334,40.416,40.0146,39.2123,0.002280769230769244,0.002987179487179494,0.0024301282051282123,0,0,0,0,0,0,0,0,0,7.664743589743658e-05,6.460256410256466e-05,0.0001363205128205125,0,0,0,0,0
0.954207603170864,2.898741255917837,0.18175258408365055,0.0518426345320767,25.17214353598293,0.4490098103581691,0.9691936501987962,RSN3760_LANDERS_BLC360,10.588744411361818,0.07687695592254642,0.07687695592254642,57.89593013276077,57.89593013276077,W24X76,W21X44,W14X193,8.410856583190743,1.096351310406695,1.2942144057551195,3.4395396883857137,0.7372871132694,0.2774230535536295,0.5637254473021269,0.8391348052501632,0.5086657945152524,0.24792516142468188,0.41610525844095503,11.9314,66.53571428571429,79.56754658385094,33.9174430641822,14.252510351966874,49.6566,116.821,179.36700000000002,267.922,0.9524667948717948,0.9035128205128203,0.947878205128205,1,1,1,1,1,1,1,1,1,0.9524667948717948,0.9035128205128203,0.947878205128205,1,1,1,1,-3
0.8309349905090154,3.5513382828043807,0.13317091217927754,0.017093770733455325,42.74845413449514,1.2155936653960138,1.8283845878166416,RSN1615_DUZCE_1062-N,10.791980514546829,0.07226987381622571,0.07226987381622571,81.2220628555408,81.2220628555408,W21X55,W21X44,W14X120,27.017450180298816,1.4483757700180029,2.582458662565661,4.073927678455746,0.3217611970150513,0.20396409953550962,0.49089862378701504,1.034606019647796,0.2327897407255545,0.23592303729419575,0.22414504422861461,30.7235,2.9096014492753626,1.0706340579710147,0.5397360248447205,0.5011309523809524,50.7283,50.9781,54.5624,55.2334,0.07207051282051283,0.06469743589743587,0.04914807692307691,1,1,0,1,1,1,1,1,1,0.0062537948717948716,0.010669032051282052,0.01098653846153846,1,1,1,0,0
1.0133375820205566,3.79000422310098,0.16257932253138768,0.0343063947867709,28.75777186484485,1.36612329967676,1.6453022221321891,RSN3964_TOTTORI_TTR007NS,3.9374090211259447,0.05675658950762502,0.05675658950762502,94.90064715398807,94.90064715398807,W21X55,W21X44,W14X120,37.00442435604385,1.4483757706226228,1.5245997177467858,4.4036307362007765,0.6646581199150251,0.2301141132680011,0.5986581743787518,0.872703085078439,0.5437115798539162,0.19887410785468745,0.22362157043410857,39.3218,1.5430357142857145,0.6396816770186335,0.33680900621118015,0.4530460662525881,71.4355,71.2407,70.6289,70.0782,0.03221089743589743,0.03332371794871792,0.028810897435897403,0,0,0,1,1,1,1,1,1,0.02431551282051282,0.021512628205128205,0.01677705128205128,1,1,1,0,0
0.993893051227986,3.324432943223215,0.11201502605867862,0.021136008465305826,31.684578402768363,1.5159985932823723,1.7774845693562291,RSN357_COALINGA.H_H-SC3000,12.10810465159834,0.06719920942326435,0.06719920942326435,66.53761464581359,66.53761464581359,W24X55,W21X44,W14X132,39.66423671013385,1.354745198170301,2.106663878812915,3.6873122911730447,0.4717853005520915,0.2695440398707859,0.5871707613858174,0.9833718273842108,0.5143563115800864,0.25032175865362993,0.27463952599712055,19.221,0.11852199792960663,0.04929943064182195,0.05197153209109732,0.06482427536231884,46.5322,47.0457,47.0492,46.6411,0.00244743589743591,0.00323397435897436,0.0023871794871794805,0,0,0,0,0,0,0,0,0,0.00012999999999999907,0.00013064102564102462,7.282051282051306e-05,0,0,0,0,0
1.2847282913757412,3.7850592163825483,0.11529094327138315,0.013694208647260522,42.30664349535404,1.2671103619182058,0.9376967616414488,RSN1541_CHICHI_TCU116-E,2.983997234118634,0.0972099550863835,0.0972099550863835,88.84395134024352,88.84395134024352,W24X84,W21X44,W14X211,48.40632083389461,1.0403075359517135,2.7252691813532013,4.2607910820749915,0.4714133562167331,0.3015234182169952,0.7589900020821808,1.7775295539993201,0.5935454134579478,0.3986364847432908,0.39010597617611553,53.096000000000004,3.878183229813665,3.0151915113871635,1.0816899585921325,1.0113328157349897,82.9677,82.5105,83.0457,85.0648,0.046919230769230734,0.047278205128205124,0.045877564102564106,0,0,0,1,1,1,1,1,1,0.03754378205128205,0.029857179487179482,0.025346410256410257,1,1,1,1,0
0.9885586131001478,3.6187745861649288,0.16741180436047587,0.02540447771653561,39.29996435260684,0.3074640417262703,0.7483685493371055,RSN3966_TOTTORI_TTR009NS,4.508399924982337,0.08075491089707695,0.08075491089707695,90.38991801099579,90.38991801099579,W24X76,W21X44,W14X193,7.677410070734192,1.0963513096699964,2.3461103014350693,4.297702050083574,0.4213606719579493,0.2300202763197426,0.5840192894108214,0.7386463252292711,0.5133359894764665,0.20154172051970373,0.2640133758424633,11.7168,3.4762163561076607,1.280636645962733,0.616728778467909,0.7123421325051761,66.1938,72.7529,89.1903,102.71799999999999,0.1172975,0.11877051282051283,0.07150512820512822,1,1,1,1,1,1,1,1,1,0.11446128205128205,0.11448205128205129,0.0664826923076923,1,1,1,1,0
0.8035081877666735,3.5656341081794434,0.18824298231684464,0.0235295320874375,35.31186484326005,1.243169431989203,0.8451167519752039,RSN187_IMPVALL.H_H-PTS225,5.104687885518004,0.06587494397263498,0.06587494397263498,91.81084859247618,91.81084859247618,W21X68,W21X44,W14X159,23.800030929898902,1.2604104808989591,2.153672613052053,4.331350291603358,0.37308743348321216,0.1855098603602515,0.47469545521802037,0.561545785065505,0.44680773865914325,0.31312691685800026,0.2806459033186692,25.7705,1.058628364389234,0.6005434782608696,0.41192287784679094,0.5290916149068322,45.1117,45.1186,44.9207,44.9382,0.01712051282051282,0.019413461538461522,0.017755128205128205,0,0,0,0,0,0,1,1,1,0.003730585897435897,0.0023627903846153843,0.0017952564102564105,1,1,1,1,0
0.9313696886903116,3.4941744783673543,0.1677381447232987,0.01808914907132087,23.81986329387341,0.709629606497078,1.5826688654470398,RSN827_CAPEMEND_FOR000,4.227536350245428,0.06810834602425352,0.06810834602425352,83.36952152855699,83.36952152855699,W21X55,W21X44,W14X120,16.108375732062456,1.4483757700532556,1.8906630218695397,4.127432331616058,0.49261538302544655,0.22565353320417547,0.550233295790008,0.7603629969406026,0.5828573859090267,0.2182742696316569,0.2839617978705196,23.8836,49607.14285714286,49409.93788819876,1473.3074534161492,251.5856625258799,2973.93,2609.5,257.95799999999997,207.321,0.9728448076923077,0.193025641025641,0.19338269230769228,1,1,1,1,1,1,1,1,1,0.9674314102564102,0.17269871794871788,0.19154038461538464,1,1,1,1,-3
1.0570434583988786,3.1180723526683427,0.12014814508147792,0.03439806439103031,43.02922931798285,1.1681135809858818,0.9256331374349808,RSN1107_KOBE_KAK000,5.097592629717388,0.1118576662535041,0.1118576662535041,60.24092104517601,60.24092104517601,W24X84,W21X44,W14X211,29.896323235778354,1.0403075365100112,2.4675322884664284,3.50850507432822,0.42838080106981347,0.30128029916025495,0.6244786715422913,1.2021086865880617,0.43318502775740836,0.19052459752299347,0.19300024620030756,14.0784,0.15885533126293996,0.055866459627329196,0.04878959627329193,0.0669052795031056,46.5495,46.7394,46.8336,46.7705,0.0012551282051282064,0.0017570512820512863,0.001413461538461535,0,0,0,0,0,0,0,0,0,1.6653846153846085e-05,1.3275641025640959e-05,0.0001724871794871794,0,0,0,0,0
0.8172676068759176,3.040472264552092,0.18223791452538946,0.044374946134913856,40.018588510269474,1.3442499086232105,1.1178579095087748,RSN575_SMART1.45_45M01EW,2.713573861264135,0.07143085865893836,0.07143085865893836,64.02974161643118,64.02974161643118,W24X62,W21X44,W14X145,22.598526423886938,1.27523753580413,1.7599298132962873,3.6171555221744582,0.464375113542286,0.22594207018906834,0.48282422579813394,0.9296915707452106,0.49446927512008226,0.2836181403878201,0.24102420825648432,14.9125,0.1362784679089027,0.041827122153209106,0.04614906832298137,0.06573162525879918,26.9526,26.9966,27.0295,27.2889,0.001989102564102563,0.002559615384615386,0.0020772435897435937,0,0,0,0,0,0,0,0,0,2.9032051282051314e-05,1.4467948717949131e-05,0.00016939102564102583,0,0,0,0,0
1.1554914348252872,2.7670363692677715,0.19028304686337424,0.05692215631341416,31.091049654994546,1.5514899393044344,0.7760187658409153,RSN357_COALINGA.H_H-SC3000,14.076777375195462,0.13995299164627562,0.13995299164627562,55.9638893789902,55.9638893789902,W30X90,W21X50,W14X257,33.00956579585668,0.8839806633076194,1.9414339052340117,3.38166242613397,0.5951742326690279,0.3416933121104828,0.682639630816296,1.1432595513038746,0.6430334377604405,0.3211084402121776,0.40087474771742937,21.0389,0.26845755693581785,0.0865388198757764,0.08009756728778468,0.10239570393374742,60.015,61.2659,63.1681,64.5352,0.0015038461538461562,0.0020051282051282236,0.0016269230769230885,0,0,0,0,0,0,0,0,0,8.136987179487181e-05,8.830384615384615e-05,7.774743589743592e-05,0,0,0,0,0
0.9415462216451226,2.849102287210062,0.18941867886859756,0.050875686690791525,39.511295208409976,0.6946734171620359,0.9788233108450942,RSN812_LOMAP_WDS000,5.541355658032536,0.12089168835813882,0.12089168835813882,59.26694281261498,59.26694281261498,W24X76,W21X44,W14X193,12.422412672785613,1.0963513103796476,2.16240666965264,3.480026652114975,0.43541588862948183,0.2705571869896171,0.5562453738460539,1.1622688718162055,0.4302644311742854,0.39513266471789454,0.4472298592613647,15.2884,1.5220833333333335,0.843064182194617,0.6199171842650103,0.6771868530020705,44.7859,43.5964,47.2911,51.9236,0.027057051282051284,0.024848076923076928,0.025822435897435884,0,0,0,1,0,1,1,1,1,0.014170716666666668,0.013733589743589741,0.012750128205128206,1,1,1,1,0
0.8863521332783549,2.58746067642933,0.1012015650638626,0.035074013403660405,27.99267265377164,0.7114316406557336,1.2543054174375678,RSN1541_CHICHI_TCU116-E,2.058701697403676,0.07564943639299987,0.07564943639299987,39.189741715280306,39.189741715280306,W24X68,W18X40,W14X159,13.268038916517309,1.209232080631284,1.7515686749711532,2.829844084514958,0.506033332260268,0.31321588992429517,0.523637886702171,1.2263426615019823,0.4068880117925367,0.3560777176656111,0.4716357881258311,16.9253,53.893633540372676,60.35041407867496,30.44798136645963,16.88087474120083,51.4633,90.0891,210.21,268.369,0.9391157692307692,0.9838717948717945,0.806416666666667,1,1,1,1,1,1,1,1,1,0.9391157692307692,0.9838717948717945,0.7992371794871794,1,1,1,1,-3
1.0041197196231906,3.75898885977326,0.18328858643426155,0.022326440472578417,19.341302827307754,0.5860266095786149,0.5799191581374247,RSN4854_CHUETSU_65020NS,9.409588912162484,0.06307300786080318,0.06307300786080318,98.64064441926952,98.64064441926952,W27X84,W18X50,W14X233,14.932188327893412,0.9692135129492134,1.5978754075148307,4.489564938751796,0.6284092707734291,0.22365635274725737,0.593212458387958,1.092860707901961,0.7825517435595122,0.12660475296517168,0.20647022915416807,19.2378,2.682763975155279,1.2347851966873706,0.7133928571428572,0.8511102484472051,79.2407,77.6988,78.854,77.1414,0.0441974358974359,0.04773397435897436,0.0501801282051282,0,0,1,1,1,1,1,1,1,0.038528910256410254,0.0390499358974359,0.036772435897435916,1,1,1,1,0
1.0814179545602278,2.9629848799940888,0.15029347197032988,0.03447548521875887,32.78210033123623,1.7292026096533657,1.0007076123823584,RSN20_NCALIF.FH_H-FRN044,2.9755881505557182,0.12218668518969869,0.12218668518969869,59.00778059622524,59.00778059622524,W24X76,W21X44,W14X193,40.14480648467245,1.0963513099234794,2.192856839432697,3.4724095937207,0.49315483578946084,0.31143156513442427,0.6388786026533623,0.7883788073427719,0.6440725059597608,0.28345954161300063,0.365753853026699,20.7697,0.17002277432712215,0.07426190476190477,0.07112836438923396,0.10216821946169774,54.2326,54.4235,54.3662,54.0509,0.0021153846153846045,0.0028724358974358986,0.0024897435897435947,0,0,0,0,0,0,0,0,0,2.1551282051282054e-05,1.0886538461538472e-05,0.00017024166666666665,0,0,0,0,0
1.2751608079447423,3.6600870181924505,0.1359483634315961,0.043861130929683176,30.952421541127286,0.9460810242679721,0.5593761046323571,RSN138_TABAS_BOS-L1,8.940839623485115,0.0653912405969303,0.0653912405969303,83.57153816104372,83.57153816104372,W30X99,W18X55,W14X311,33.04500131965023,0.8228746586569241,1.4430685292229948,4.132429994221774,0.8836453585688958,0.3085740858835487,0.7533377374609675,1.494050958526819,1.1391541819964441,0.35394620780048636,0.264834466695536,36.5813,1.6848033126293998,0.9886620082815736,0.7568167701863355,1.077978778467909,81.0447,78.0613,81.5824,87.1393,0.01912820512820514,0.022569871794871778,0.02762948717948719,0,0,0,0,0,1,1,1,1,0.010780769230769231,0.012437371794871798,0.01258076923076922,1,1,1,1,0
0.9299615968449096,3.0806096629085884,0.18751550022595248,0.04699023179524133,23.64816150153724,1.1448053181054825,1.5733218886265319,RSN122_FRIULI.A_A-COD000,9.097793292840286,0.06976703141614274,0.06976703141614274,66.21485220430431,66.21485220430431,W24X55,W18X40,W14X120,21.948306891399675,1.4030414512893858,1.256019052150573,3.678358162678246,0.7404040529899739,0.25281975156214703,0.5494014252381973,1.164351961645627,1.1790243747897875,0.14705162432029317,0.18433533405064784,15.8476,0.19244901656314703,0.06910921325051761,0.06784989648033127,0.1297608695652174,42.9571,43.3486,43.7941,44.1522,0.003289102564102562,0.005047435897435897,0.004228461538461536,0,0,0,0,0,0,0,0,0,2.9051282051281928e-05,2.1743589743589428e-05,0.00019389102564102543,0,0,0,0,0
1.0767278064508763,3.5242088884956413,0.1744331032107896,0.019316094322659738,16.7249097272876,1.2475122196208543,0.7684753857377681,RSN1549_CHICHI_TCU129-E,2.125279839884409,0.07203263000327748,0.07203263000327748,85.29703960916673,85.29703960916673,W24X84,W21X44,W14X211,32.5531876510521,1.0403075361040095,1.5814919798853933,4.174873171048193,0.680830393163868,0.2579067105362006,0.6361077634438742,1.236710752699953,0.8395334932895517,0.22582569404679997,0.21266796395530138,35.2853,1.7941097308488612,0.8064699792960663,0.579065734989648,0.7346713250517599,82.4582,77.5119,68.9059,71.2176,0.027404487179487146,0.02849679487179489,0.029368589743589732,0,0,0,1,1,1,1,1,1,0.007227948717948723,0.008176858974358976,0.008474294871794874,1,1,1,1,0
1.0705248442160098,3.567270443432906,0.15717965286177588,0.030202672856852745,15.98925708176204,1.00342215437926,1.8831120436751876,RSN787_LOMAP_SLC270,3.181990557680721,0.06080160625643735,0.06080160625643735,83.14413682516258,83.14413682516258,W24X55,W18X40,W14X120,27.34548965887718,1.4030414507295381,1.2822894462183088,4.121849417907043,0.8348542892349079,0.2597195422921567,0.6324431859988523,1.766755391085357,1.0202334305116227,0.17122165894101274,0.28886953119575093,25.4259,0.12392417184265012,0.046547877846790896,0.05449404761904762,0.07423162525879917,48.0382,48.9551,50.3119,51.4137,0.002851282051282056,0.0037993589743589786,0.0027762820512820716,0,0,0,0,0,0,0,0,0,3.071794871794884e-05,1.941025641025696e-05,0.0001921153846153846,0,0,0,0,0
1.2555181398778863,2.9754368891272818,0.16353894725025794,0.04081536388058847,30.593248199043035,0.7480686255988864,1.9164334866445167,RSN882_LANDERS_FHS000,8.612808937744939,0.13633091307375847,0.13633091307375847,61.1864963980861,61.1864963980861,W24X68,W21X44,W14X159,19.669126418665183,1.19430984243877,2.0928059878324694,3.535933593785998,0.5999209421119027,0.3550740155540016,0.7417332692033268,1.3365899516555673,0.9057331058884144,0.2825985118931285,0.3218578308452682,18.0383,0.29083074534161496,0.06980978260869565,0.06727432712215321,0.09361387163561077,47.8017,48.1957,48.5897,48.8277,0.0023923076923076966,0.003255256410256403,0.0026905128205128195,0,0,0,0,0,0,0,0,0,0.0005608333333333352,0.0007364102564102556,0.000665256410256413,0,0,0,0,0
0.9156054764722464,3.3353928234715733,0.1806100556269009,0.038660897301452335,27.371533972485967,1.453418214340504,1.7372271614993604,RSN5842_SIERRA.MEX_02659360,14.462136621493315,0.06430001149664999,0.06430001149664999,76.64029512296075,76.64029512296075,W21X55,W21X44,W14X120,30.130701520121743,1.4483757707746436,1.4933852547568465,3.957353911423126,0.6131073502673131,0.2313681052961423,0.5409201363114379,0.8534543576869174,0.7235211017775657,0.2779397202059178,0.2877092271150313,34.6684,98.63302277432713,95.56547619047619,14.06353519668737,2.684963768115942,63.8962,100.70700000000001,102.777,110.162,0.5282205128205129,0.053698717948717965,0.03931474358974358,1,1,0,1,1,1,1,1,1,0.5282205128205129,0.034807051282051214,0.006233974358974337,1,1,1,1,-3
0.8873442377265512,3.7618542864184152,0.11246710974421108,0.016891909904089265,40.60153555473225,0.7879491823401807,1.7459413597543056,RSN3979_SANSIMEO_37737090,7.714658263315568,0.05296984284117748,0.05296984284117748,85.26322466493777,85.26322466493777,W21X55,W21X44,W14X120,20.804587762021306,1.448375770011151,2.3771359392430185,4.174045550896072,0.3732829170927093,0.212586141408078,0.524224000795133,1.1850401697038146,0.27916155963402745,0.23505856984076387,0.2632985559922587,22.7073,1.0563871635610769,0.5379658385093168,0.3119591097308489,0.4489001035196688,49.3774,50.3284,51.27,51.6651,0.028623076923076918,0.029733974358974364,0.026276923076923076,0,0,0,1,1,1,1,1,1,0.010953749999999998,0.011203397435897437,0.01035602564102564,1,1,1,0,0
